caudal_minimo,fecha,humedad_lag_1,humedad_lag_2,humedad_lag_3,humedad_lag_4,humedad_lag_5,humedad_lag_6,temp_lag_1,temp_lag_2,temp_lag_3,temp_lag_4,temp_lag_5,temp_lag_6,temp_max_lag_1,temp_max_lag_2,temp_max_lag_3,temp_max_lag_4,temp_max_lag_5,temp_max_lag_6,temp_min_lag_1,temp_min_lag_2,temp_min_lag_3,temp_min_lag_4,temp_min_lag_5,temp_min_lag_6,prep_lag_1,prep_lag_2,prep_lag_3,prep_lag_4,prep_lag_5,prep_lag_6,soil_perfil_lag_1,soil_perfil_lag_2,soil_perfil_lag_3,soil_perfil_lag_4,soil_perfil_lag_5,soil_perfil_lag_6,soil_superf_lag_1,soil_superf_lag_2,soil_superf_lag_3,soil_superf_lag_4,soil_superf_lag_5,soil_superf_lag_6,dir_viento_lag_1,dir_viento_lag_2,dir_viento_lag_3,dir_viento_lag_4,dir_viento_lag_5,dir_viento_lag_6,vel_viento_lag_1,vel_viento_lag_2,vel_viento_lag_3,vel_viento_lag_4,vel_viento_lag_5,vel_viento_lag_6,nino_lag_1,nino_lag_2,nino_lag_3,nino_lag_4,nino_lag_5,nino_lag_6,caudal_minimo_lag_1,caudal_minimo_lag_2,caudal_minimo_lag_3,caudal_minimo_lag_4,caudal_minimo_lag_5,caudal_minimo_lag_6,caudal_minimo_lag_12
28.4,1981-07-27,83.52,75.61,66.07,63.49,67.86,77.24,26.47,28.12,28.84,28.64,27.11,24.89,30.98,35.12,36.48,36.72,34.22,31.82,23.16,24.05,23.38,21.64,21.82,19.82,300.12,159.04,89.69,7.98,0.72,7.81,0.7,0.58,0.47,0.46,0.49,0.63,0.72,0.59,0.37,0.28,0.42,0.61,1.5,12.8,59.1,60.2,56.3,48.3,1.94,2.12,4.27,3.32,4.2,4.1,26.19,26.71,27.06,26.61,25.52,24.95,39.2,12.5,6.46,7.41,10.6,14.1,17.2
28.0,1981-08-01,78.8,83.52,75.61,66.07,63.49,67.86,26.84,26.47,28.12,28.84,28.64,27.11,31.76,30.98,35.12,36.48,36.72,34.22,22.98,23.16,24.05,23.38,21.64,21.82,112.16,300.12,159.04,89.69,7.98,0.72,0.68,0.7,0.58,0.47,0.46,0.49,0.67,0.72,0.59,0.37,0.28,0.42,66.9,1.5,12.8,59.1,60.2,56.3,2.04,1.94,2.12,4.27,3.32,4.2,25.21,26.19,26.71,27.06,26.61,25.52,28.4,39.2,12.5,6.46,7.41,10.6,16.2
31.8,1981-09-27,83.75,78.8,83.52,75.61,66.07,63.49,26.02,26.84,26.47,28.12,28.84,28.64,32.42,31.76,30.98,35.12,36.48,36.72,23.03,22.98,23.16,24.05,23.38,21.64,359.6,112.16,300.12,159.04,89.69,7.98,0.74,0.68,0.7,0.58,0.47,0.46,0.77,0.67,0.72,0.59,0.37,0.28,358.2,66.9,1.5,12.8,59.1,60.2,2.07,2.04,1.94,2.12,4.27,3.32,24.38,25.21,26.19,26.71,27.06,26.61,28.0,28.4,39.2,12.5,6.46,7.41,17.1
27.7,1981-10-08,84.21,83.75,78.8,83.52,75.61,66.07,26.16,26.02,26.84,26.47,28.12,28.84,30.62,32.42,31.76,30.98,35.12,36.48,22.07,23.03,22.98,23.16,24.05,23.38,258.1,359.6,112.16,300.12,159.04,89.69,0.81,0.74,0.68,0.7,0.58,0.47,0.85,0.77,0.67,0.72,0.59,0.37,72.4,358.2,66.9,1.5,12.8,59.1,1.71,2.07,2.04,1.94,2.12,4.27,24.67,24.38,25.21,26.19,26.71,27.06,31.8,28.0,28.4,39.2,12.5,6.46,37.5
18.5,1981-12-30,86.8,85.77,84.21,83.75,78.8,83.52,25.38,25.88,26.16,26.02,26.84,26.47,29.83,30.11,30.62,32.42,31.76,30.98,22.17,22.9,22.07,23.03,22.98,23.16,62.42,361.33,258.1,359.6,112.16,300.12,0.85,0.88,0.81,0.74,0.68,0.7,0.86,0.9,0.85,0.77,0.67,0.72,37.4,12.1,72.4,358.2,66.9,1.5,2.68,1.61,1.71,2.07,2.04,1.94,24.7,24.8,24.67,24.38,25.21,26.19,25.5,27.7,31.8,28.0,28.4,39.2,21.1
15.2,1982-01-31,81.91,86.8,85.77,84.21,83.75,78.8,25.82,25.38,25.88,26.16,26.02,26.84,31.78,29.83,30.11,30.62,32.42,31.76,21.36,22.17,22.9,22.07,23.03,22.98,48.48,62.42,361.33,258.1,359.6,112.16,0.68,0.85,0.88,0.81,0.74,0.68,0.69,0.86,0.9,0.85,0.77,0.67,51.0,37.4,12.1,72.4,358.2,66.9,2.99,2.68,1.61,1.71,2.07,2.04,25.17,24.7,24.8,24.67,24.38,25.21,18.5,25.5,27.7,31.8,28.0,28.4,14.1
11.6,1982-02-28,71.96,81.91,86.8,85.77,84.21,83.75,26.62,25.82,25.38,25.88,26.16,26.02,33.2,31.78,29.83,30.11,30.62,32.42,21.4,21.36,22.17,22.9,22.07,23.03,7.33,48.48,62.42,361.33,258.1,359.6,0.53,0.68,0.85,0.88,0.81,0.74,0.49,0.69,0.86,0.9,0.85,0.77,58.6,51.0,37.4,12.1,72.4,358.2,3.88,2.99,2.68,1.61,1.71,2.07,25.86,25.17,24.7,24.8,24.67,24.38,15.2,18.5,25.5,27.7,31.8,28.0,10.6
8.99,1982-03-31,63.38,71.96,81.91,86.8,85.77,84.21,28.14,26.62,25.82,25.38,25.88,26.16,35.7,33.2,31.78,29.83,30.11,30.62,21.8,21.4,21.36,22.17,22.9,22.07,4.28,7.33,48.48,62.42,361.33,258.1,0.47,0.53,0.68,0.85,0.88,0.81,0.31,0.49,0.69,0.86,0.9,0.85,61.8,58.6,51.0,37.4,12.1,72.4,3.9,3.88,2.99,2.68,1.61,1.71,26.4,25.86,25.17,24.7,24.8,24.67,11.6,15.2,18.5,25.5,27.7,31.8,7.41
8.2,1982-04-29,58.31,63.38,71.96,81.91,86.8,85.77,28.78,28.14,26.62,25.82,25.38,25.88,37.3,35.7,33.2,31.78,29.83,30.11,22.05,21.8,21.4,21.36,22.17,22.9,18.14,4.28,7.33,48.48,62.42,361.33,0.46,0.47,0.53,0.68,0.85,0.88,0.22,0.31,0.49,0.69,0.86,0.9,62.0,61.8,58.6,51.0,37.4,12.1,3.67,3.9,3.88,2.99,2.68,1.61,27.11,26.4,25.86,25.17,24.7,24.8,8.99,11.6,15.2,18.5,25.5,27.7,6.46
8.54,1983-03-01,59.53,64.32,67.6,73.1,80.24,77.87,29.26,28.42,27.71,27.41,26.22,27.17,37.93,36.96,34.79,33.47,31.97,35.09,21.92,21.98,21.76,22.34,21.86,23.29,9.68,5.36,5.64,44.95,110.41,199.44,0.46,0.46,0.49,0.58,0.64,0.57,0.23,0.27,0.38,0.56,0.65,0.59,50.3,49.6,53.6,56.4,57.5,66.9,3.63,4.56,4.44,3.28,2.44,2.33,28.71,28.66,28.08,27.5,27.28,26.79,12.2,22.6,13.6,36.0,231.0,178.0,8.99
7.4,1983-04-01,59.13,59.53,64.32,67.6,73.1,80.24,30.03,29.26,28.42,27.71,27.41,26.22,38.25,37.93,36.96,34.79,33.47,31.97,23.28,21.92,21.98,21.76,22.34,21.86,6.55,9.68,5.36,5.64,44.95,110.41,0.46,0.46,0.46,0.49,0.58,0.64,0.23,0.23,0.27,0.38,0.56,0.65,47.0,50.3,49.6,53.6,56.4,57.5,3.2,3.63,4.56,4.44,3.28,2.44,28.89,28.71,28.66,28.08,27.5,27.28,8.54,12.2,22.6,13.6,36.0,231.0,8.2
5.69,1983-05-30,56.72,59.13,59.53,64.32,67.6,73.1,30.8,30.03,29.26,28.42,27.71,27.41,38.82,38.25,37.93,36.96,34.79,33.47,23.8,23.28,21.92,21.98,21.76,22.34,11.17,6.55,9.68,5.36,5.64,44.95,0.46,0.46,0.46,0.46,0.49,0.58,0.21,0.23,0.23,0.27,0.38,0.56,59.3,47.0,50.3,49.6,53.6,56.4,2.55,3.2,3.63,4.56,4.44,3.28,29.13,28.89,28.71,28.66,28.08,27.5,7.4,8.54,12.2,22.6,13.6,36.0,1110.0
8.79,1983-07-09,75.32,63.92,56.72,59.13,59.53,64.32,28.19,30.31,30.8,30.03,29.26,28.42,34.27,37.98,38.82,38.25,37.93,36.96,24.15,24.35,23.8,23.28,21.92,21.98,132.0,51.05,11.17,6.55,9.68,5.36,0.52,0.47,0.46,0.46,0.46,0.46,0.53,0.37,0.21,0.23,0.23,0.27,79.5,73.3,59.3,47.0,50.3,49.6,2.07,2.78,2.55,3.2,3.63,4.56,28.14,28.98,29.13,28.89,28.71,28.66,7.33,5.69,7.4,8.54,12.2,22.6,213.0
10.5,1983-09-24,69.46,71.14,75.32,63.92,56.72,59.13,28.38,28.38,28.19,30.31,30.8,30.03,35.51,34.38,34.27,37.98,38.82,38.25,23.25,23.79,24.15,24.35,23.8,23.28,72.84,64.92,132.0,51.05,11.17,6.55,0.52,0.55,0.52,0.47,0.46,0.46,0.49,0.54,0.53,0.37,0.21,0.23,61.8,60.7,79.5,73.3,59.3,47.0,2.9,3.01,2.07,2.78,2.55,3.2,25.77,26.61,28.14,28.98,29.13,28.89,9.06,8.79,7.33,5.69,7.4,8.54,178.0
13.2,1983-10-02,76.01,69.46,71.14,75.32,63.92,56.72,27.35,28.38,28.38,28.19,30.31,30.8,34.45,35.51,34.38,34.27,37.98,38.82,22.78,23.25,23.79,24.15,24.35,23.8,172.72,72.84,64.92,132.0,51.05,11.17,0.58,0.52,0.55,0.52,0.47,0.46,0.59,0.49,0.54,0.53,0.37,0.21,77.9,61.8,60.7,79.5,73.3,59.3,1.71,2.9,3.01,2.07,2.78,2.55,25.03,25.77,26.61,28.14,28.98,29.13,10.5,9.06,8.79,7.33,5.69,7.4,231.0
13.8,1983-11-09,81.36,76.01,69.46,71.14,75.32,63.92,26.28,27.35,28.38,28.38,28.19,30.31,32.59,34.45,35.51,34.38,34.27,37.98,21.83,22.78,23.25,23.79,24.15,24.35,201.4,172.72,72.84,64.92,132.0,51.05,0.65,0.58,0.52,0.55,0.52,0.47,0.69,0.59,0.49,0.54,0.53,0.37,61.1,77.9,61.8,60.7,79.5,73.3,2.13,1.71,2.9,3.01,2.07,2.78,24.37,25.03,25.77,26.61,28.14,28.98,13.2,10.5,9.06,8.79,7.33,5.69,36.0
9.69,1983-12-31,81.9,81.36,76.01,69.46,71.14,75.32,26.54,26.28,27.35,28.38,28.38,28.19,31.55,32.59,34.45,35.51,34.38,34.27,22.68,21.83,22.78,23.25,23.79,24.15,85.72,201.4,172.72,72.84,64.92,132.0,0.64,0.65,0.58,0.52,0.55,0.52,0.65,0.69,0.59,0.49,0.54,0.53,49.0,61.1,77.9,61.8,60.7,79.5,2.27,2.13,1.71,2.9,3.01,2.07,24.07,24.37,25.03,25.77,26.61,28.14,13.8,13.2,10.5,9.06,8.79,7.33,13.6
9.09,1984-01-21,75.49,81.9,81.36,76.01,69.46,71.14,26.49,26.54,26.28,27.35,28.38,28.38,32.32,31.55,32.59,34.45,35.51,34.38,22.1,22.68,21.83,22.78,23.25,23.79,31.25,85.72,201.4,172.72,72.84,64.92,0.56,0.64,0.65,0.58,0.52,0.55,0.53,0.65,0.69,0.59,0.49,0.54,56.0,49.0,61.1,77.9,61.8,60.7,3.67,2.27,2.13,1.71,2.9,3.01,24.39,24.07,24.37,25.03,25.77,26.61,9.69,13.8,13.2,10.5,9.06,8.79,22.6
7.33,1984-02-27,65.67,75.49,81.9,81.36,76.01,69.46,26.83,26.49,26.54,26.28,27.35,28.38,33.99,32.32,31.55,32.59,34.45,35.51,19.58,22.1,22.68,21.83,22.78,23.25,0.6,31.25,85.72,201.4,172.72,72.84,0.48,0.56,0.64,0.65,0.58,0.52,0.39,0.53,0.65,0.69,0.59,0.49,51.4,56.0,49.0,61.1,77.9,61.8,4.43,3.67,2.27,2.13,1.71,2.9,25.08,24.39,24.07,24.37,25.03,25.77,9.09,9.69,13.8,13.2,10.5,9.06,12.2
5.75,1984-03-31,62.77,65.67,75.49,81.9,81.36,76.01,28.05,26.83,26.49,26.54,26.28,27.35,35.43,33.99,32.32,31.55,32.59,34.45,22.53,19.58,22.1,22.68,21.83,22.78,1.72,0.6,31.25,85.72,201.4,172.72,0.46,0.48,0.56,0.64,0.65,0.58,0.22,0.39,0.53,0.65,0.69,0.59,54.4,51.4,56.0,49.0,61.1,77.9,3.66,4.43,3.67,2.27,2.13,1.71,26.26,25.08,24.39,24.07,24.37,25.03,7.33,9.09,9.69,13.8,13.2,10.5,8.54
5.16,1984-04-30,59.41,62.77,65.67,75.49,81.9,81.36,28.83,28.05,26.83,26.49,26.54,26.28,37.55,35.43,33.99,32.32,31.55,32.59,21.6,22.53,19.58,22.1,22.68,21.83,2.31,1.72,0.6,31.25,85.72,201.4,0.46,0.46,0.48,0.56,0.64,0.65,0.19,0.22,0.39,0.53,0.65,0.69,50.9,54.4,51.4,56.0,49.0,61.1,3.35,3.66,4.43,3.67,2.27,2.13,26.97,26.26,25.08,24.39,24.07,24.37,5.75,7.33,9.09,9.69,13.8,13.2,7.4
4.24,1984-05-12,57.13,59.41,62.77,65.67,75.49,81.9,29.51,28.83,28.05,26.83,26.49,26.54,37.74,37.55,35.43,33.99,32.32,31.55,22.34,21.6,22.53,19.58,22.1,22.68,5.74,2.31,1.72,0.6,31.25,85.72,0.46,0.46,0.46,0.48,0.56,0.64,0.19,0.19,0.22,0.39,0.53,0.65,47.0,50.9,54.4,51.4,56.0,49.0,2.64,3.35,3.66,4.43,3.67,2.27,27.09,26.97,26.26,25.08,24.39,24.07,5.16,5.75,7.33,9.09,9.69,13.8,5.69
7.33,1984-06-08,66.09,57.13,59.41,62.77,65.67,75.49,28.82,29.51,28.83,28.05,26.83,26.49,36.89,37.74,37.55,35.43,33.99,32.32,23.61,22.34,21.6,22.53,19.58,22.1,150.04,5.74,2.31,1.72,0.6,31.25,0.5,0.46,0.46,0.46,0.48,0.56,0.38,0.19,0.19,0.22,0.39,0.53,66.0,47.0,50.9,54.4,51.4,56.0,2.34,2.64,3.35,3.66,4.43,3.67,26.32,27.09,26.97,26.26,25.08,24.39,4.24,5.16,5.75,7.33,9.09,9.69,7.33
9.0,1984-07-01,76.45,66.09,57.13,59.41,62.77,65.67,27.32,28.82,29.51,28.83,28.05,26.83,34.04,36.89,37.74,37.55,35.43,33.99,22.97,23.61,22.34,21.6,22.53,19.58,114.39,150.04,5.74,2.31,1.72,0.6,0.61,0.5,0.46,0.46,0.46,0.48,0.61,0.38,0.19,0.19,0.22,0.39,72.8,66.0,47.0,50.9,54.4,51.4,1.94,2.34,2.64,3.35,3.66,4.43,25.45,26.32,27.09,26.97,26.26,25.08,7.33,4.24,5.16,5.75,7.33,9.09,8.79
13.9,1984-08-26,74.08,76.45,66.09,57.13,59.41,62.77,27.23,27.32,28.82,29.51,28.83,28.05,33.77,34.04,36.89,37.74,37.55,35.43,22.12,22.97,23.61,22.34,21.6,22.53,117.59,114.39,150.04,5.74,2.31,1.72,0.61,0.61,0.5,0.46,0.46,0.46,0.6,0.61,0.38,0.19,0.19,0.22,61.9,72.8,66.0,47.0,50.9,54.4,1.91,1.94,2.34,2.64,3.35,3.66,25.03,25.45,26.32,27.09,26.97,26.26,9.0,7.33,4.24,5.16,5.75,7.33,9.06
17.2,1984-09-07,76.36,74.08,76.45,66.09,57.13,59.41,27.14,27.23,27.32,28.82,29.51,28.83,33.41,33.77,34.04,36.89,37.74,37.55,22.65,22.12,22.97,23.61,22.34,21.6,144.18,117.59,114.39,150.04,5.74,2.31,0.63,0.61,0.61,0.5,0.46,0.46,0.63,0.6,0.61,0.38,0.19,0.19,51.9,61.9,72.8,66.0,47.0,50.9,2.22,1.91,1.94,2.34,2.64,3.35,24.71,25.03,25.45,26.32,27.09,26.97,13.9,9.0,7.33,4.24,5.16,5.75,10.5
26.1,1984-10-22,81.99,76.36,74.08,76.45,66.09,57.13,26.0,27.14,27.23,27.32,28.82,29.51,33.34,33.41,33.77,34.04,36.89,37.74,22.71,22.65,22.12,22.97,23.61,22.34,243.57,144.18,117.59,114.39,150.04,5.74,0.68,0.63,0.61,0.61,0.5,0.46,0.7,0.63,0.6,0.61,0.38,0.19,298.1,51.9,61.9,72.8,66.0,47.0,1.96,2.22,1.91,1.94,2.34,2.64,24.56,24.71,25.03,25.45,26.32,27.09,17.2,13.9,9.0,7.33,4.24,5.16,13.2
16.3,1984-11-30,82.2,81.99,76.36,74.08,76.45,66.09,26.36,26.0,27.14,27.23,27.32,28.82,31.52,33.34,33.41,33.77,34.04,36.89,22.35,22.71,22.65,22.12,22.97,23.61,84.53,243.57,144.18,117.59,114.39,150.04,0.7,0.68,0.63,0.61,0.61,0.5,0.71,0.7,0.63,0.6,0.61,0.38,51.8,298.1,51.9,61.9,72.8,66.0,1.94,1.96,2.22,1.91,1.94,2.34,24.31,24.56,24.71,25.03,25.45,26.32,26.1,17.2,13.9,9.0,7.33,4.24,13.8
14.8,1984-12-18,74.51,82.2,81.99,76.36,74.08,76.45,25.92,26.36,26.0,27.14,27.23,27.32,32.8,31.52,33.34,33.41,33.77,34.04,20.78,22.35,22.71,22.65,22.12,22.97,41.96,84.53,243.57,144.18,117.59,114.39,0.61,0.7,0.68,0.63,0.61,0.61,0.59,0.71,0.7,0.63,0.6,0.61,37.1,51.8,298.1,51.9,61.9,72.8,2.88,1.94,1.96,2.22,1.91,1.94,24.11,24.31,24.56,24.71,25.03,25.45,16.3,26.1,17.2,13.9,9.0,7.33,9.69
11.9,1985-01-23,67.7,74.51,82.2,81.99,76.36,74.08,26.77,25.92,26.36,26.0,27.14,27.23,33.47,32.8,31.52,33.34,33.41,33.77,21.34,20.78,22.35,22.71,22.65,22.12,3.57,41.96,84.53,243.57,144.18,117.59,0.5,0.61,0.7,0.68,0.63,0.61,0.42,0.59,0.71,0.7,0.63,0.6,51.3,37.1,51.8,298.1,51.9,61.9,4.88,2.88,1.94,1.96,2.22,1.91,23.96,24.11,24.31,24.56,24.71,25.03,14.8,16.3,26.1,17.2,13.9,9.0,9.09
10.9,1985-02-28,63.34,67.7,74.51,82.2,81.99,76.36,26.68,26.77,25.92,26.36,26.0,27.14,33.63,33.47,32.8,31.52,33.34,33.41,21.34,21.34,20.78,22.35,22.71,22.65,3.41,3.57,41.96,84.53,243.57,144.18,0.46,0.5,0.61,0.7,0.68,0.63,0.27,0.42,0.59,0.71,0.7,0.63,53.9,51.3,37.1,51.8,298.1,51.9,4.28,4.88,2.88,1.94,1.96,2.22,24.4,23.96,24.11,24.31,24.56,24.71,11.9,14.8,16.3,26.1,17.2,13.9,7.33
7.36,1985-03-31,60.59,63.34,67.7,74.51,82.2,81.99,27.57,26.68,26.77,25.92,26.36,26.0,35.26,33.63,33.47,32.8,31.52,33.34,21.66,21.34,21.34,20.78,22.35,22.71,0.69,3.41,3.57,41.96,84.53,243.57,0.46,0.46,0.5,0.61,0.7,0.68,0.18,0.27,0.42,0.59,0.71,0.7,55.7,53.9,51.3,37.1,51.8,298.1,4.78,4.28,4.88,2.88,1.94,1.96,25.5,24.4,23.96,24.11,24.31,24.56,10.9,11.9,14.8,16.3,26.1,17.2,5.75
6.36,1985-04-26,57.59,60.59,63.34,67.7,74.51,82.2,28.53,27.57,26.68,26.77,25.92,26.36,37.22,35.26,33.63,33.47,32.8,31.52,22.17,21.66,21.34,21.34,20.78,22.35,1.4,0.69,3.41,3.57,41.96,84.53,0.46,0.46,0.46,0.5,0.61,0.7,0.15,0.18,0.27,0.42,0.59,0.71,56.3,55.7,53.9,51.3,37.1,51.8,4.27,4.78,4.28,4.88,2.88,1.94,26.42,25.5,24.4,23.96,24.11,24.31,7.36,10.9,11.9,14.8,16.3,26.1,5.16
6.22,1985-05-08,57.82,57.59,60.59,63.34,67.7,74.51,29.31,28.53,27.57,26.68,26.77,25.92,37.25,37.22,35.26,33.63,33.47,32.8,22.77,22.17,21.66,21.34,21.34,20.78,5.73,1.4,0.69,3.41,3.57,41.96,0.46,0.46,0.46,0.46,0.5,0.61,0.19,0.15,0.18,0.27,0.42,0.59,57.3,56.3,55.7,53.9,51.3,37.1,3.28,4.27,4.78,4.28,4.88,2.88,26.53,26.42,25.5,24.4,23.96,24.11,6.36,7.36,10.9,11.9,14.8,16.3,4.24
7.91,1985-06-02,66.11,57.82,57.59,60.59,63.34,67.7,28.87,29.31,28.53,27.57,26.68,26.77,36.35,37.25,37.22,35.26,33.63,33.47,22.65,22.77,22.17,21.66,21.34,21.34,50.92,5.73,1.4,0.69,3.41,3.57,0.48,0.46,0.46,0.46,0.46,0.5,0.39,0.19,0.15,0.18,0.27,0.42,59.1,57.3,56.3,55.7,53.9,51.3,1.83,3.28,4.27,4.78,4.28,4.88,26.19,26.53,26.42,25.5,24.4,23.96,6.22,6.36,7.36,10.9,11.9,14.8,7.33
10.3,1985-07-03,69.08,66.11,57.82,57.59,60.59,63.34,28.21,28.87,29.31,28.53,27.57,26.68,34.99,36.35,37.25,37.22,35.26,33.63,24.03,22.65,22.77,22.17,21.66,21.34,89.8,50.92,5.73,1.4,0.69,3.41,0.49,0.48,0.46,0.46,0.46,0.46,0.44,0.39,0.19,0.15,0.18,0.27,63.3,59.1,57.3,56.3,55.7,53.9,2.23,1.83,3.28,4.27,4.78,4.28,25.6,26.19,26.53,26.42,25.5,24.4,7.91,6.22,6.36,7.36,10.9,11.9,9.0
11.7,1985-08-15,71.67,69.08,66.11,57.82,57.59,60.59,27.24,28.21,28.87,29.31,28.53,27.57,35.0,34.99,36.35,37.25,37.22,35.26,22.67,24.03,22.65,22.77,22.17,21.66,130.17,89.8,50.92,5.73,1.4,0.69,0.55,0.49,0.48,0.46,0.46,0.46,0.52,0.44,0.39,0.19,0.15,0.18,65.5,63.3,59.1,57.3,56.3,55.7,2.47,2.23,1.83,3.28,4.27,4.78,24.71,25.6,26.19,26.53,26.42,25.5,10.3,7.91,6.22,6.36,7.36,10.9,13.9
13.2,1985-09-26,73.51,71.67,69.08,66.11,57.82,57.59,26.93,27.24,28.21,28.87,29.31,28.53,33.29,35.0,34.99,36.35,37.25,37.22,22.01,22.67,24.03,22.65,22.77,22.17,52.0,130.17,89.8,50.92,5.73,1.4,0.55,0.55,0.49,0.48,0.46,0.46,0.53,0.52,0.44,0.39,0.19,0.15,70.0,65.5,63.3,59.1,57.3,56.3,2.1,2.47,2.23,1.83,3.28,4.27,24.24,24.71,25.6,26.19,26.53,26.42,11.7,10.3,7.91,6.22,6.36,7.36,17.2
14.6,1985-10-21,73.27,73.51,71.67,69.08,66.11,57.82,27.37,26.93,27.24,28.21,28.87,29.31,34.57,33.29,35.0,34.99,36.35,37.25,23.18,22.01,22.67,24.03,22.65,22.77,69.6,52.0,130.17,89.8,50.92,5.73,0.53,0.55,0.55,0.49,0.48,0.46,0.51,0.53,0.52,0.44,0.39,0.19,50.2,70.0,65.5,63.3,59.1,57.3,1.88,2.1,2.47,2.23,1.83,3.28,24.04,24.24,24.71,25.6,26.19,26.53,13.2,11.7,10.3,7.91,6.22,6.36,26.1
18.0,1985-11-30,71.7,73.27,73.51,71.67,69.08,66.11,27.43,27.37,26.93,27.24,28.21,28.87,34.56,34.57,33.29,35.0,34.99,36.35,22.85,23.18,22.01,22.67,24.03,22.65,72.64,69.6,52.0,130.17,89.8,50.92,0.5,0.53,0.55,0.55,0.49,0.48,0.46,0.51,0.53,0.52,0.44,0.39,7.9,50.2,70.0,65.5,63.3,59.1,2.3,1.88,2.1,2.47,2.23,1.83,24.18,24.04,24.24,24.71,25.6,26.19,14.6,13.2,11.7,10.3,7.91,6.22,16.3
14.2,1985-12-26,70.6,71.7,73.27,73.51,71.67,69.08,27.32,27.43,27.37,26.93,27.24,28.21,34.74,34.56,34.57,33.29,35.0,34.99,22.21,22.85,23.18,22.01,22.67,24.03,33.56,72.64,69.6,52.0,130.17,89.8,0.52,0.5,0.53,0.55,0.55,0.49,0.47,0.46,0.51,0.53,0.52,0.44,53.5,7.9,50.2,70.0,65.5,63.3,2.68,2.3,1.88,2.1,2.47,2.23,24.4,24.18,24.04,24.24,24.71,25.6,18.0,14.6,13.2,11.7,10.3,7.91,14.8
11.5,1986-01-31,65.85,70.6,71.7,73.27,73.51,71.67,27.48,27.32,27.43,27.37,26.93,27.24,34.02,34.74,34.56,34.57,33.29,35.0,21.78,22.21,22.85,23.18,22.01,22.67,23.26,33.56,72.64,69.6,52.0,130.17,0.48,0.52,0.5,0.53,0.55,0.55,0.36,0.47,0.46,0.51,0.53,0.52,53.3,53.5,7.9,50.2,70.0,65.5,3.99,2.68,2.3,1.88,2.1,2.47,24.5,24.4,24.18,24.04,24.24,24.71,14.2,18.0,14.6,13.2,11.7,10.3,11.9
8.37,1986-02-28,62.4,65.85,70.6,71.7,73.27,73.51,27.13,27.48,27.32,27.43,27.37,26.93,34.23,34.02,34.74,34.56,34.57,33.29,20.92,21.78,22.21,22.85,23.18,22.01,0.67,23.26,33.56,72.64,69.6,52.0,0.46,0.48,0.52,0.5,0.53,0.55,0.23,0.36,0.47,0.46,0.51,0.53,53.2,53.3,53.5,7.9,50.2,70.0,4.76,3.99,2.68,2.3,1.88,2.1,24.86,24.5,24.4,24.18,24.04,24.24,11.5,14.2,18.0,14.6,13.2,11.7,10.9
6.77,1986-03-25,57.43,62.4,65.85,70.6,71.7,73.27,27.96,27.13,27.48,27.32,27.43,27.37,35.34,34.23,34.02,34.74,34.56,34.57,20.37,20.92,21.78,22.21,22.85,23.18,0.58,0.67,23.26,33.56,72.64,69.6,0.46,0.46,0.48,0.52,0.5,0.53,0.17,0.23,0.36,0.47,0.46,0.51,56.0,53.2,53.3,53.5,7.9,50.2,2.67,4.76,3.99,2.68,2.3,1.88,25.88,24.86,24.5,24.4,24.18,24.04,8.37,11.5,14.2,18.0,14.6,13.2,7.36
5.77,1986-04-30,58.54,57.43,62.4,65.85,70.6,71.7,27.99,27.96,27.13,27.48,27.32,27.43,36.74,35.34,34.23,34.02,34.74,34.56,20.58,20.37,20.92,21.78,22.21,22.85,8.65,0.58,0.67,23.26,33.56,72.64,0.46,0.46,0.46,0.48,0.52,0.5,0.21,0.17,0.23,0.36,0.47,0.46,52.3,56.0,53.2,53.3,53.5,7.9,4.06,2.67,4.76,3.99,2.68,2.3,26.83,25.88,24.86,24.5,24.4,24.18,6.77,8.37,11.5,14.2,18.0,14.6,6.36
5.34,1986-05-21,56.05,58.54,57.43,62.4,65.85,70.6,30.08,27.99,27.96,27.13,27.48,27.32,37.63,36.74,35.34,34.23,34.02,34.74,22.83,20.58,20.37,20.92,21.78,22.21,0.07,8.65,0.58,0.67,23.26,33.56,0.46,0.46,0.46,0.46,0.48,0.52,0.17,0.21,0.17,0.23,0.36,0.47,59.9,52.3,56.0,53.2,53.3,53.5,3.41,4.06,2.67,4.76,3.99,2.68,27.2,26.83,25.88,24.86,24.5,24.4,5.77,6.77,8.37,11.5,14.2,18.0,6.22
17.7,1986-06-03,69.19,56.05,58.54,57.43,62.4,65.85,28.76,30.08,27.99,27.96,27.13,27.48,37.16,37.63,36.74,35.34,34.23,34.02,24.02,22.83,20.58,20.37,20.92,21.78,156.34,0.07,8.65,0.58,0.67,23.26,0.5,0.46,0.46,0.46,0.46,0.48,0.42,0.17,0.21,0.17,0.23,0.36,92.0,59.9,52.3,56.0,53.2,53.3,2.76,3.41,4.06,2.67,4.76,3.99,26.65,27.2,26.83,25.88,24.86,24.5,5.34,5.77,6.77,8.37,11.5,14.2,7.91
16.4,1986-07-28,80.69,69.19,56.05,58.54,57.43,62.4,26.72,28.76,30.08,27.99,27.96,27.13,33.23,37.16,37.63,36.74,35.34,34.23,23.2,24.02,22.83,20.58,20.37,20.92,154.58,156.34,0.07,8.65,0.58,0.67,0.64,0.5,0.46,0.46,0.46,0.46,0.66,0.42,0.17,0.21,0.17,0.23,62.9,92.0,59.9,52.3,56.0,53.2,2.6,2.76,3.41,4.06,2.67,4.76,26.17,26.65,27.2,26.83,25.88,24.86,17.7,5.34,5.77,6.77,8.37,11.5,10.3
14.6,1986-08-09,77.89,80.69,69.19,56.05,58.54,57.43,26.58,26.72,28.76,30.08,27.99,27.96,32.58,33.23,37.16,37.63,36.74,35.34,22.37,23.2,24.02,22.83,20.58,20.37,117.1,154.58,156.34,0.07,8.65,0.58,0.66,0.64,0.5,0.46,0.46,0.46,0.66,0.66,0.42,0.17,0.21,0.17,60.7,62.9,92.0,59.9,52.3,56.0,3.32,2.6,2.76,3.41,4.06,2.67,25.67,26.17,26.65,27.2,26.83,25.88,16.4,17.7,5.34,5.77,6.77,8.37,11.7
17.4,1986-09-07,75.92,77.89,80.69,69.19,56.05,58.54,27.04,26.58,26.72,28.76,30.08,27.99,32.81,32.58,33.23,37.16,37.63,36.74,23.01,22.37,23.2,24.02,22.83,20.58,244.46,117.1,154.58,156.34,0.07,8.65,0.64,0.66,0.64,0.5,0.46,0.46,0.65,0.66,0.66,0.42,0.17,0.21,63.0,60.7,62.9,92.0,59.9,52.3,2.75,3.32,2.6,2.76,3.41,4.06,25.29,25.67,26.17,26.65,27.2,26.83,14.6,16.4,17.7,5.34,5.77,6.77,13.2
19.4,1986-10-26,81.3,75.92,77.89,80.69,69.19,56.05,26.52,27.04,26.58,26.72,28.76,30.08,31.88,32.81,32.58,33.23,37.16,37.63,22.09,23.01,22.37,23.2,24.02,22.83,190.17,244.46,117.1,154.58,156.34,0.07,0.71,0.64,0.66,0.64,0.5,0.46,0.71,0.65,0.66,0.66,0.42,0.17,65.6,63.0,60.7,62.9,92.0,59.9,2.32,2.75,3.32,2.6,2.76,3.41,25.2,25.29,25.67,26.17,26.65,27.2,17.4,14.6,16.4,17.7,5.34,5.77,14.6
13.3,1986-11-25,80.46,81.3,75.92,77.89,80.69,69.19,26.25,26.52,27.04,26.58,26.72,28.76,32.09,31.88,32.81,32.58,33.23,37.16,22.26,22.09,23.01,22.37,23.2,24.02,187.41,190.17,244.46,117.1,154.58,156.34,0.7,0.71,0.64,0.66,0.64,0.5,0.71,0.71,0.65,0.66,0.66,0.42,47.6,65.6,63.0,60.7,62.9,92.0,2.13,2.32,2.75,3.32,2.6,2.76,25.51,25.2,25.29,25.67,26.17,26.65,19.4,17.4,14.6,16.4,17.7,5.34,18.0
14.2,1986-12-31,75.43,80.46,81.3,75.92,77.89,80.69,27.04,26.25,26.52,27.04,26.58,26.72,32.98,32.09,31.88,32.81,32.58,33.23,22.03,22.26,22.09,23.01,22.37,23.2,85.28,187.41,190.17,244.46,117.1,154.58,0.65,0.7,0.71,0.64,0.66,0.64,0.62,0.71,0.71,0.65,0.66,0.66,57.3,47.6,65.6,63.0,60.7,62.9,2.85,2.13,2.32,2.75,3.32,2.6,25.88,25.51,25.2,25.29,25.67,26.17,13.3,19.4,17.4,14.6,16.4,17.7,14.2
9.09,1987-01-25,70.92,75.43,80.46,81.3,75.92,77.89,27.02,27.04,26.25,26.52,27.04,26.58,33.42,32.98,32.09,31.88,32.81,32.58,21.38,22.03,22.26,22.09,23.01,22.37,31.0,85.28,187.41,190.17,244.46,117.1,0.55,0.65,0.7,0.71,0.64,0.66,0.53,0.62,0.71,0.71,0.65,0.66,54.4,57.3,47.6,65.6,63.0,60.7,3.91,2.85,2.13,2.32,2.75,3.32,26.15,25.88,25.51,25.2,25.29,25.67,14.2,13.3,19.4,17.4,14.6,16.4,11.5
7.3,1987-02-28,64.02,70.92,75.43,80.46,81.3,75.92,27.21,27.02,27.04,26.25,26.52,27.04,35.6,33.42,32.98,32.09,31.88,32.81,20.48,21.38,22.03,22.26,22.09,23.01,3.5,31.0,85.28,187.41,190.17,244.46,0.48,0.55,0.65,0.7,0.71,0.64,0.33,0.53,0.62,0.71,0.71,0.65,54.0,54.4,57.3,47.6,65.6,63.0,4.63,3.91,2.85,2.13,2.32,2.75,26.68,26.15,25.88,25.51,25.2,25.29,9.09,14.2,13.3,19.4,17.4,14.6,8.37
5.7,1987-03-31,61.53,64.02,70.92,75.43,80.46,81.3,28.51,27.21,27.02,27.04,26.25,26.52,37.41,35.6,33.42,32.98,32.09,31.88,21.19,20.48,21.38,22.03,22.26,22.09,4.12,3.5,31.0,85.28,187.41,190.17,0.46,0.48,0.55,0.65,0.7,0.71,0.24,0.33,0.53,0.62,0.71,0.71,55.4,54.0,54.4,57.3,47.6,65.6,4.08,4.63,3.91,2.85,2.13,2.32,27.55,26.68,26.15,25.88,25.51,25.2,7.3,9.09,14.2,13.3,19.4,17.4,6.77
5.27,1987-04-25,57.81,61.53,64.02,70.92,75.43,80.46,30.03,28.51,27.21,27.02,27.04,26.25,38.51,37.41,35.6,33.42,32.98,32.09,22.08,21.19,20.48,21.38,22.03,22.26,7.26,4.12,3.5,31.0,85.28,187.41,0.46,0.46,0.48,0.55,0.65,0.7,0.17,0.24,0.33,0.53,0.62,0.71,46.3,55.4,54.0,54.4,57.3,47.6,2.84,4.08,4.63,3.91,2.85,2.13,28.2,27.55,26.68,26.15,25.88,25.51,5.7,7.3,9.09,14.2,13.3,19.4,5.77
5.47,1987-05-01,62.54,57.81,61.53,64.02,70.92,75.43,29.26,30.03,28.51,27.21,27.02,27.04,36.93,38.51,37.41,35.6,33.42,32.98,22.77,22.08,21.19,20.48,21.38,22.03,50.47,7.26,4.12,3.5,31.0,85.28,0.49,0.46,0.46,0.48,0.55,0.65,0.41,0.17,0.24,0.33,0.53,0.62,58.9,46.3,55.4,54.0,54.4,57.3,3.44,2.84,4.08,4.63,3.91,2.85,28.35,28.2,27.55,26.68,26.15,25.88,5.27,5.7,7.3,9.09,14.2,13.3,5.34
7.33,1987-06-22,63.3,62.54,57.81,61.53,64.02,70.92,29.65,29.26,30.03,28.51,27.21,27.02,37.03,36.93,38.51,37.41,35.6,33.42,24.67,22.77,22.08,21.19,20.48,21.38,23.35,50.47,7.26,4.12,3.5,31.0,0.46,0.49,0.46,0.46,0.48,0.55,0.31,0.41,0.17,0.24,0.33,0.53,71.6,58.9,46.3,55.4,54.0,54.4,2.8,3.44,2.84,4.08,4.63,3.91,28.14,28.35,28.2,27.55,26.68,26.15,5.47,5.27,5.7,7.3,9.09,14.2,17.7
7.37,1987-07-02,64.47,63.3,62.54,57.81,61.53,64.02,29.65,29.65,29.26,30.03,28.51,27.21,36.77,37.03,36.93,38.51,37.41,35.6,24.43,24.67,22.77,22.08,21.19,20.48,55.95,23.35,50.47,7.26,4.12,3.5,0.47,0.46,0.49,0.46,0.46,0.48,0.37,0.31,0.41,0.17,0.24,0.33,72.4,71.6,58.9,46.3,55.4,54.0,1.7,2.8,3.44,2.84,4.08,4.63,27.48,28.14,28.35,28.2,27.55,26.68,7.33,5.47,5.27,5.7,7.3,9.09,16.4
11.6,1987-08-20,73.58,64.47,63.3,62.54,57.81,61.53,27.93,29.65,29.65,29.26,30.03,28.51,34.98,36.77,37.03,36.93,38.51,37.41,23.85,24.43,24.67,22.77,22.08,21.19,117.85,55.95,23.35,50.47,7.26,4.12,0.53,0.47,0.46,0.49,0.46,0.46,0.52,0.37,0.31,0.41,0.17,0.24,66.3,72.4,71.6,58.9,46.3,55.4,2.76,1.7,2.8,3.44,2.84,4.08,26.92,27.48,28.14,28.35,28.2,27.55,7.37,7.33,5.47,5.27,5.7,7.3,14.6
11.0,1987-09-30,70.36,73.58,64.47,63.3,62.54,57.81,27.96,27.93,29.65,29.65,29.26,30.03,35.45,34.98,36.77,37.03,36.93,38.51,23.42,23.85,24.43,24.67,22.77,22.08,36.72,117.85,55.95,23.35,50.47,7.26,0.52,0.53,0.47,0.46,0.49,0.46,0.49,0.52,0.37,0.31,0.41,0.17,69.4,66.3,72.4,71.6,58.9,46.3,2.89,2.76,1.7,2.8,3.44,2.84,26.57,26.92,27.48,28.14,28.35,28.2,11.6,7.37,7.33,5.47,5.27,5.7,17.4
11.9,1987-10-19,69.28,70.36,73.58,64.47,63.3,62.54,28.43,27.96,27.93,29.65,29.65,29.26,36.13,35.45,34.98,36.77,37.03,36.93,23.73,23.42,23.85,24.43,24.67,22.77,58.08,36.72,117.85,55.95,23.35,50.47,0.48,0.52,0.53,0.47,0.46,0.49,0.43,0.49,0.52,0.37,0.31,0.41,71.9,69.4,66.3,72.4,71.6,58.9,1.78,2.89,2.76,1.7,2.8,3.44,26.56,26.57,26.92,27.48,28.14,28.35,11.0,11.6,7.37,7.33,5.47,5.27,19.4
11.8,1988-06-01,65.58,56.81,57.25,60.05,60.89,63.92,29.53,30.1,28.96,28.59,28.55,28.78,38.15,37.71,37.24,36.82,35.55,35.8,24.64,23.2,21.66,22.76,22.1,23.09,68.89,2.14,0.13,0.33,3.69,4.13,0.47,0.46,0.46,0.46,0.46,0.46,0.3,0.14,0.14,0.17,0.2,0.23,81.8,63.0,58.2,55.8,56.6,53.1,2.52,2.49,4.22,4.8,4.38,3.97,25.68,26.93,27.06,26.4,26.34,26.23,3.92,3.21,4.65,7.05,8.49,8.81,7.33
13.9,1988-07-23,75.37,65.58,56.81,57.25,60.05,60.89,27.2,29.53,30.1,28.96,28.59,28.55,34.27,38.15,37.71,37.24,36.82,35.55,23.1,24.64,23.2,21.66,22.76,22.1,38.37,68.89,2.14,0.13,0.33,3.69,0.52,0.47,0.46,0.46,0.46,0.46,0.49,0.3,0.14,0.14,0.17,0.2,259.8,81.8,63.0,58.2,55.8,56.6,1.85,2.52,2.49,4.22,4.8,4.38,24.44,25.68,26.93,27.06,26.4,26.34,11.8,3.92,3.21,4.65,7.05,8.49,7.37
15.8,1988-08-01,70.84,75.37,65.58,56.81,57.25,60.05,27.54,27.2,29.53,30.1,28.96,28.59,35.22,34.27,38.15,37.71,37.24,36.82,23.1,23.1,24.64,23.2,21.66,22.76,48.42,38.37,68.89,2.14,0.13,0.33,0.51,0.52,0.47,0.46,0.46,0.46,0.46,0.49,0.3,0.14,0.14,0.17,70.6,259.8,81.8,63.0,58.2,55.8,2.36,1.85,2.52,2.49,4.22,4.8,23.74,24.44,25.68,26.93,27.06,26.4,13.9,11.8,3.92,3.21,4.65,7.05,11.6
63.3,1988-09-30,80.89,70.84,75.37,65.58,56.81,57.25,26.24,27.54,27.2,29.53,30.1,28.96,33.17,35.22,34.27,38.15,37.71,37.24,22.98,23.1,23.1,24.64,23.2,21.66,99.97,48.42,38.37,68.89,2.14,0.13,0.53,0.51,0.52,0.47,0.46,0.46,0.5,0.46,0.49,0.3,0.14,0.14,265.4,70.6,259.8,81.8,63.0,58.2,2.18,2.36,1.85,2.52,2.49,4.22,23.64,23.74,24.44,25.68,26.93,27.06,15.8,13.9,11.8,3.92,3.21,4.65,11.0
37.9,1988-10-21,86.09,80.89,70.84,75.37,65.58,56.81,25.48,26.24,27.54,27.2,29.53,30.1,30.48,33.17,35.22,34.27,38.15,37.71,22.88,22.98,23.1,23.1,24.64,23.2,208.79,99.97,48.42,38.37,68.89,2.14,0.66,0.53,0.51,0.52,0.47,0.46,0.69,0.5,0.46,0.49,0.3,0.14,240.7,265.4,70.6,259.8,81.8,63.0,2.24,2.18,2.36,1.85,2.52,2.49,23.81,23.64,23.74,24.44,25.68,26.93,63.3,15.8,13.9,11.8,3.92,3.21,11.9
21.1,1988-12-19,75.79,82.54,86.09,80.89,70.84,75.37,26.91,26.17,25.48,26.24,27.54,27.2,32.78,31.2,30.48,33.17,35.22,34.27,21.41,22.5,22.88,22.98,23.1,23.1,16.59,98.11,208.79,99.97,48.42,38.37,0.58,0.66,0.66,0.53,0.51,0.52,0.55,0.67,0.69,0.5,0.46,0.49,30.6,61.1,240.7,265.4,70.6,259.8,2.17,1.99,2.24,2.18,2.36,1.85,23.44,23.43,23.81,23.64,23.74,24.44,21.5,37.9,63.3,15.8,13.9,11.8,8.81
17.9,1989-01-31,66.89,75.79,82.54,86.09,80.89,70.84,27.27,26.91,26.17,25.48,26.24,27.54,33.88,32.78,31.2,30.48,33.17,35.22,22.68,21.41,22.5,22.88,22.98,23.1,1.93,16.59,98.11,208.79,99.97,48.42,0.49,0.58,0.66,0.66,0.53,0.51,0.39,0.55,0.67,0.69,0.5,0.46,52.2,30.6,61.1,240.7,265.4,70.6,4.04,2.17,1.99,2.24,2.18,2.36,23.62,23.44,23.43,23.81,23.64,23.74,21.1,21.5,37.9,63.3,15.8,13.9,8.49
11.6,1989-02-28,62.1,66.89,75.79,82.54,86.09,80.89,27.83,27.27,26.91,26.17,25.48,26.24,34.58,33.88,32.78,31.2,30.48,33.17,22.31,22.68,21.41,22.5,22.88,22.98,0.26,1.93,16.59,98.11,208.79,99.97,0.46,0.49,0.58,0.66,0.66,0.53,0.23,0.39,0.55,0.67,0.69,0.5,55.8,52.2,30.6,61.1,240.7,265.4,4.81,4.04,2.17,1.99,2.24,2.18,24.22,23.62,23.44,23.43,23.81,23.64,17.9,21.1,21.5,37.9,63.3,15.8,7.05
7.68,1989-03-31,58.84,62.1,66.89,75.79,82.54,86.09,27.11,27.83,27.27,26.91,26.17,25.48,36.86,34.58,33.88,32.78,31.2,30.48,20.29,22.31,22.68,21.41,22.5,22.88,0.11,0.26,1.93,16.59,98.11,208.79,0.46,0.46,0.49,0.58,0.66,0.66,0.17,0.23,0.39,0.55,0.67,0.69,53.7,55.8,52.2,30.6,61.1,240.7,5.06,4.81,4.04,2.17,1.99,2.24,25.44,24.22,23.62,23.44,23.43,23.81,11.6,17.9,21.1,21.5,37.9,63.3,4.65
5.9,1989-04-30,55.35,58.84,62.1,66.89,75.79,82.54,28.15,27.11,27.83,27.27,26.91,26.17,36.85,36.86,34.58,33.88,32.78,31.2,20.91,20.29,22.31,22.68,21.41,22.5,0.44,0.11,0.26,1.93,16.59,98.11,0.46,0.46,0.46,0.49,0.58,0.66,0.14,0.17,0.23,0.39,0.55,0.67,57.7,53.7,55.8,52.2,30.6,61.1,3.12,5.06,4.81,4.04,2.17,1.99,26.19,25.44,24.22,23.62,23.44,23.43,7.68,11.6,17.9,21.1,21.5,37.9,3.21
5.69,1989-05-05,56.27,55.35,58.84,62.1,66.89,75.79,29.61,28.15,27.11,27.83,27.27,26.91,37.45,36.85,36.86,34.58,33.88,32.78,22.54,20.91,20.29,22.31,22.68,21.41,0.18,0.44,0.11,0.26,1.93,16.59,0.45,0.46,0.46,0.46,0.49,0.58,0.13,0.14,0.17,0.23,0.39,0.55,62.8,57.7,53.7,55.8,52.2,30.6,3.84,3.12,5.06,4.81,4.04,2.17,26.72,26.19,25.44,24.22,23.62,23.44,5.9,7.68,11.6,17.9,21.1,21.5,3.92
7.05,1989-06-02,62.19,56.27,55.35,58.84,62.1,66.89,29.45,29.61,28.15,27.11,27.83,27.27,37.39,37.45,36.85,36.86,34.58,33.88,24.04,22.54,20.91,20.29,22.31,22.68,10.98,0.18,0.44,0.11,0.26,1.93,0.46,0.45,0.46,0.46,0.46,0.49,0.22,0.13,0.14,0.17,0.23,0.39,69.4,62.8,57.7,53.7,55.8,52.2,2.66,3.84,3.12,5.06,4.81,4.04,26.42,26.72,26.19,25.44,24.22,23.62,5.69,5.9,7.68,11.6,17.9,21.1,11.8
8.2,1989-07-05,69.64,62.19,56.27,55.35,58.84,62.1,28.42,29.45,29.61,28.15,27.11,27.83,35.74,37.39,37.45,36.85,36.86,34.58,23.72,24.04,22.54,20.91,20.29,22.31,59.79,10.98,0.18,0.44,0.11,0.26,0.47,0.46,0.45,0.46,0.46,0.46,0.42,0.22,0.13,0.14,0.17,0.23,72.8,69.4,62.8,57.7,53.7,55.8,2.31,2.66,3.84,3.12,5.06,4.81,26.3,26.42,26.72,26.19,25.44,24.22,7.05,5.69,5.9,7.68,11.6,17.9,13.9
10.3,1989-08-07,68.53,69.64,62.19,56.27,55.35,58.84,28.06,28.42,29.45,29.61,28.15,27.11,35.06,35.74,37.39,37.45,36.85,36.86,22.98,23.72,24.04,22.54,20.91,20.29,42.7,59.79,10.98,0.18,0.44,0.11,0.48,0.47,0.46,0.45,0.46,0.46,0.41,0.42,0.22,0.13,0.14,0.17,63.5,72.8,69.4,62.8,57.7,53.7,2.89,2.31,2.66,3.84,3.12,5.06,25.35,26.3,26.42,26.72,26.19,25.44,8.2,7.05,5.69,5.9,7.68,11.6,15.8
11.6,1989-09-03,71.15,68.53,69.64,62.19,56.27,55.35,27.9,28.06,28.42,29.45,29.61,28.15,35.11,35.06,35.74,37.39,37.45,36.85,23.22,22.98,23.72,24.04,22.54,20.91,85.61,42.7,59.79,10.98,0.18,0.44,0.5,0.48,0.47,0.46,0.45,0.46,0.47,0.41,0.42,0.22,0.13,0.14,109.6,63.5,72.8,69.4,62.8,57.7,1.66,2.89,2.31,2.66,3.84,3.12,24.72,25.35,26.3,26.42,26.72,26.19,10.3,8.2,7.05,5.69,5.9,7.68,63.3
15.6,1989-10-31,82.38,71.15,68.53,69.64,62.19,56.27,26.23,27.9,28.06,28.42,29.45,29.61,33.39,35.11,35.06,35.74,37.39,37.45,22.91,23.22,22.98,23.72,24.04,22.54,170.0,85.61,42.7,59.79,10.98,0.18,0.6,0.5,0.48,0.47,0.46,0.45,0.61,0.47,0.41,0.42,0.22,0.13,246.9,109.6,63.5,72.8,69.4,62.8,2.46,1.66,2.89,2.31,2.66,3.84,24.6,24.72,25.35,26.3,26.42,26.72,11.6,10.3,8.2,7.05,5.69,5.9,37.9
14.2,1989-11-30,77.26,82.38,71.15,68.53,69.64,62.19,26.97,26.23,27.9,28.06,28.42,29.45,33.24,33.39,35.11,35.06,35.74,37.39,22.25,22.91,23.22,22.98,23.72,24.04,71.38,170.0,85.61,42.7,59.79,10.98,0.61,0.6,0.5,0.48,0.47,0.46,0.6,0.61,0.47,0.41,0.42,0.22,50.9,246.9,109.6,63.5,72.8,69.4,2.09,2.46,1.66,2.89,2.31,2.66,24.58,24.6,24.72,25.35,26.3,26.42,15.6,11.6,10.3,8.2,7.05,5.69,21.5
9.69,1989-12-27,73.88,77.26,82.38,71.15,68.53,69.64,27.5,26.97,26.23,27.9,28.06,28.42,33.98,33.24,33.39,35.11,35.06,35.74,22.9,22.25,22.91,23.22,22.98,23.72,37.82,71.38,170.0,85.61,42.7,59.79,0.55,0.61,0.6,0.5,0.48,0.47,0.52,0.6,0.61,0.47,0.41,0.42,49.9,50.9,246.9,109.6,63.5,72.8,2.42,2.09,2.46,1.66,2.89,2.31,24.51,24.58,24.6,24.72,25.35,26.3,14.2,15.6,11.6,10.3,8.2,7.05,21.1
8.49,1990-01-05,67.22,73.88,77.26,82.38,71.15,68.53,27.01,27.5,26.97,26.23,27.9,28.06,34.04,33.98,33.24,33.39,35.11,35.06,20.42,22.9,22.25,22.91,23.22,22.98,19.4,37.82,71.38,170.0,85.61,42.7,0.49,0.55,0.61,0.6,0.5,0.48,0.39,0.52,0.6,0.61,0.47,0.41,49.2,49.9,50.9,246.9,109.6,63.5,3.37,2.42,2.09,2.46,1.66,2.89,24.85,24.51,24.58,24.6,24.72,25.35,9.69,14.2,15.6,11.6,10.3,8.2,17.9
5.95,1990-02-26,63.21,67.22,73.88,77.26,82.38,71.15,28.03,27.01,27.5,26.97,26.23,27.9,35.16,34.04,33.98,33.24,33.39,35.11,22.64,20.42,22.9,22.25,22.91,23.22,0.87,19.4,37.82,71.38,170.0,85.61,0.46,0.49,0.55,0.61,0.6,0.5,0.24,0.39,0.52,0.6,0.61,0.47,55.3,49.2,49.9,50.9,246.9,109.6,4.94,3.37,2.42,2.09,2.46,1.66,25.37,24.85,24.51,24.58,24.6,24.72,8.49,9.69,14.2,15.6,11.6,10.3,11.6
4.16,1990-03-24,59.7,63.21,67.22,73.88,77.26,82.38,28.05,28.03,27.01,27.5,26.97,26.23,35.49,35.16,34.04,33.98,33.24,33.39,21.5,22.64,20.42,22.9,22.25,22.91,13.94,0.87,19.4,37.82,71.38,170.0,0.46,0.46,0.49,0.55,0.61,0.6,0.23,0.24,0.39,0.52,0.6,0.61,59.0,55.3,49.2,49.9,50.9,246.9,4.15,4.94,3.37,2.42,2.09,2.46,26.42,25.37,24.85,24.51,24.58,24.6,5.95,8.49,9.69,14.2,15.6,11.6,7.68
3.22,1990-04-27,58.35,59.7,63.21,67.22,73.88,77.26,28.85,28.05,28.03,27.01,27.5,26.97,38.02,35.49,35.16,34.04,33.98,33.24,20.34,21.5,22.64,20.42,22.9,22.25,0.52,13.94,0.87,19.4,37.82,71.38,0.46,0.46,0.46,0.49,0.55,0.61,0.21,0.23,0.24,0.39,0.52,0.6,59.1,59.0,55.3,49.2,49.9,50.9,4.48,4.15,4.94,3.37,2.42,2.09,26.92,26.42,25.37,24.85,24.51,24.58,4.16,5.95,8.49,9.69,14.2,15.6,5.9
2.99,1990-05-18,56.05,58.35,59.7,63.21,67.22,73.88,30.26,28.85,28.05,28.03,27.01,27.5,37.77,38.02,35.49,35.16,34.04,33.98,23.16,20.34,21.5,22.64,20.42,22.9,8.52,0.52,13.94,0.87,19.4,37.82,0.46,0.46,0.46,0.46,0.49,0.55,0.18,0.21,0.23,0.24,0.39,0.52,60.8,59.1,59.0,55.3,49.2,49.9,3.4,4.48,4.15,4.94,3.37,2.42,27.49,26.92,26.42,25.37,24.85,24.51,3.22,4.16,5.95,8.49,9.69,14.2,5.69
5.69,1990-06-07,65.34,56.05,58.35,59.7,63.21,67.22,29.5,30.26,28.85,28.05,28.03,27.01,37.57,37.77,38.02,35.49,35.16,34.04,23.97,23.16,20.34,21.5,22.64,20.42,90.26,8.52,0.52,13.94,0.87,19.4,0.48,0.46,0.46,0.46,0.46,0.49,0.34,0.18,0.21,0.23,0.24,0.39,69.6,60.8,59.1,59.0,55.3,49.2,2.78,3.4,4.48,4.15,4.94,3.37,27.41,27.49,26.92,26.42,25.37,24.85,2.99,3.22,4.16,5.95,8.49,9.69,7.05
6.22,1990-07-02,73.22,65.34,56.05,58.35,59.7,63.21,28.25,29.5,30.26,28.85,28.05,28.03,34.8,37.57,37.77,38.02,35.49,35.16,23.32,23.97,23.16,20.34,21.5,22.64,153.05,90.26,8.52,0.52,13.94,0.87,0.57,0.48,0.46,0.46,0.46,0.46,0.57,0.34,0.18,0.21,0.23,0.24,65.1,69.6,60.8,59.1,59.0,55.3,2.55,2.78,3.4,4.48,4.15,4.94,26.58,27.41,27.49,26.92,26.42,25.37,5.69,2.99,3.22,4.16,5.95,8.49,8.2
8.79,1990-08-08,73.13,73.22,65.34,56.05,58.35,59.7,27.53,28.25,29.5,30.26,28.85,28.05,34.66,34.8,37.57,37.77,38.02,35.49,22.8,23.32,23.97,23.16,20.34,21.5,87.5,153.05,90.26,8.52,0.52,13.94,0.62,0.57,0.48,0.46,0.46,0.46,0.6,0.57,0.34,0.18,0.21,0.23,68.2,65.1,69.6,60.8,59.1,59.0,2.13,2.55,2.78,3.4,4.48,4.15,25.81,26.58,27.41,27.49,26.92,26.42,6.22,5.69,2.99,3.22,4.16,5.95,10.3
8.49,1990-09-13,70.02,73.13,73.22,65.34,56.05,58.35,28.28,27.53,28.25,29.5,30.26,28.85,35.74,34.66,34.8,37.57,37.77,38.02,23.85,22.8,23.32,23.97,23.16,20.34,66.59,87.5,153.05,90.26,8.52,0.52,0.56,0.62,0.57,0.48,0.46,0.46,0.54,0.6,0.57,0.34,0.18,0.21,68.7,68.2,65.1,69.6,60.8,59.1,2.41,2.13,2.55,2.78,3.4,4.48,25.23,25.81,26.58,27.41,27.49,26.92,8.79,6.22,5.69,2.99,3.22,4.16,11.6
11.1,1990-10-02,73.55,70.02,73.13,73.22,65.34,56.05,27.48,28.28,27.53,28.25,29.5,30.26,35.51,35.74,34.66,34.8,37.57,37.77,23.2,23.85,22.8,23.32,23.97,23.16,148.64,66.59,87.5,153.05,90.26,8.52,0.58,0.56,0.62,0.57,0.48,0.46,0.56,0.54,0.6,0.57,0.34,0.18,55.3,68.7,68.2,65.1,69.6,60.8,2.04,2.41,2.13,2.55,2.78,3.4,25.02,25.23,25.81,26.58,27.41,27.49,8.49,8.79,6.22,5.69,2.99,3.22,15.6
14.9,1990-11-29,79.6,73.55,70.02,73.13,73.22,65.34,26.55,27.48,28.28,27.53,28.25,29.5,32.49,35.51,35.74,34.66,34.8,37.57,22.55,23.2,23.85,22.8,23.32,23.97,55.65,148.64,66.59,87.5,153.05,90.26,0.63,0.58,0.56,0.62,0.57,0.48,0.61,0.56,0.54,0.6,0.57,0.34,264.2,55.3,68.7,68.2,65.1,69.6,2.32,2.04,2.41,2.13,2.55,2.78,24.84,25.02,25.23,25.81,26.58,27.41,11.1,8.49,8.79,6.22,5.69,2.99,14.2
11.6,1990-12-31,75.49,79.6,73.55,70.02,73.13,73.22,27.3,26.55,27.48,28.28,27.53,28.25,33.89,32.49,35.51,35.74,34.66,34.8,21.48,22.55,23.2,23.85,22.8,23.32,43.52,55.65,148.64,66.59,87.5,153.05,0.58,0.63,0.58,0.56,0.62,0.57,0.57,0.61,0.56,0.54,0.6,0.57,45.3,264.2,55.3,68.7,68.2,65.1,2.5,2.32,2.04,2.41,2.13,2.55,24.9,24.84,25.02,25.23,25.81,26.58,14.9,11.1,8.49,8.79,6.22,5.69,9.69
7.62,1991-01-31,67.55,75.49,79.6,73.55,70.02,73.13,27.62,27.3,26.55,27.48,28.28,27.53,34.64,33.89,32.49,35.51,35.74,34.66,22.23,21.48,22.55,23.2,23.85,22.8,15.1,43.52,55.65,148.64,66.59,87.5,0.5,0.58,0.63,0.58,0.56,0.62,0.41,0.57,0.61,0.56,0.54,0.6,55.0,45.3,264.2,55.3,68.7,68.2,3.78,2.5,2.32,2.04,2.41,2.13,25.15,24.9,24.84,25.02,25.23,25.81,11.6,14.9,11.1,8.49,8.79,6.22,8.49
5.95,1991-02-28,63.51,67.55,75.49,79.6,73.55,70.02,27.86,27.62,27.3,26.55,27.48,28.28,35.32,34.64,33.89,32.49,35.51,35.74,21.36,22.23,21.48,22.55,23.2,23.85,19.03,15.1,43.52,55.65,148.64,66.59,0.47,0.5,0.58,0.63,0.58,0.56,0.31,0.41,0.57,0.61,0.56,0.54,60.5,55.0,45.3,264.2,55.3,68.7,4.0,3.78,2.5,2.32,2.04,2.41,25.79,25.15,24.9,24.84,25.02,25.23,7.62,11.6,14.9,11.1,8.49,8.79,5.95
3.92,1991-03-27,59.98,63.51,67.55,75.49,79.6,73.55,28.11,27.86,27.62,27.3,26.55,27.48,36.78,35.32,34.64,33.89,32.49,35.51,21.51,21.36,22.23,21.48,22.55,23.2,0.73,19.03,15.1,43.52,55.65,148.64,0.46,0.47,0.5,0.58,0.63,0.58,0.22,0.31,0.41,0.57,0.61,0.56,56.1,60.5,55.0,45.3,264.2,55.3,5.07,4.0,3.78,2.5,2.32,2.04,26.41,25.79,25.15,24.9,24.84,25.02,5.95,7.62,11.6,14.9,11.1,8.49,4.16
2.56,1991-04-12,56.38,59.98,63.51,67.55,75.49,79.6,29.39,28.11,27.86,27.62,27.3,26.55,37.62,36.78,35.32,34.64,33.89,32.49,21.92,21.51,21.36,22.23,21.48,22.55,0.66,0.73,19.03,15.1,43.52,55.65,0.46,0.46,0.47,0.5,0.58,0.63,0.15,0.22,0.31,0.41,0.57,0.61,52.1,56.1,60.5,55.0,45.3,264.2,3.56,5.07,4.0,3.78,2.5,2.32,27.04,26.41,25.79,25.15,24.9,24.84,3.92,5.95,7.62,11.6,14.9,11.1,3.22
2.55,1991-05-09,57.65,56.38,59.98,63.51,67.55,75.49,30.16,29.39,28.11,27.86,27.62,27.3,37.72,37.62,36.78,35.32,34.64,33.89,23.2,21.92,21.51,21.36,22.23,21.48,11.23,0.66,0.73,19.03,15.1,43.52,0.46,0.46,0.46,0.47,0.5,0.58,0.16,0.15,0.22,0.31,0.41,0.57,61.5,52.1,56.1,60.5,55.0,45.3,3.1,3.56,5.07,4.0,3.78,2.5,27.53,27.04,26.41,25.79,25.15,24.9,2.56,3.92,5.95,7.62,11.6,14.9,2.99
5.16,1991-06-12,72.1,57.65,56.38,59.98,63.51,67.55,28.42,30.16,29.39,28.11,27.86,27.62,36.63,37.72,37.62,36.78,35.32,34.64,23.88,23.2,21.92,21.51,21.36,22.23,126.34,11.23,0.66,0.73,19.03,15.1,0.51,0.46,0.46,0.46,0.47,0.5,0.46,0.16,0.15,0.22,0.31,0.41,73.5,61.5,52.1,56.1,60.5,55.0,3.01,3.1,3.56,5.07,4.0,3.78,27.49,27.53,27.04,26.41,25.79,25.15,2.55,2.56,3.92,5.95,7.62,11.6,5.69
9.39,1991-07-31,75.58,72.1,57.65,56.38,59.98,63.51,27.91,28.42,30.16,29.39,28.11,27.86,35.17,36.63,37.72,37.62,36.78,35.32,23.94,23.88,23.2,21.92,21.51,21.36,153.54,126.34,11.23,0.66,0.73,19.03,0.6,0.51,0.46,0.46,0.46,0.47,0.6,0.46,0.16,0.15,0.22,0.31,64.7,73.5,61.5,52.1,56.1,60.5,2.14,3.01,3.1,3.56,5.07,4.0,27.3,27.49,27.53,27.04,26.41,25.79,5.16,2.55,2.56,3.92,5.95,7.62,6.22
9.87,1991-08-29,73.37,75.58,72.1,57.65,56.38,59.98,27.68,27.91,28.42,30.16,29.39,28.11,34.01,35.17,36.63,37.72,37.62,36.78,23.8,23.94,23.88,23.2,21.92,21.51,60.39,153.54,126.34,11.23,0.66,0.73,0.6,0.6,0.51,0.46,0.46,0.46,0.59,0.6,0.46,0.16,0.15,0.22,60.3,64.7,73.5,61.5,52.1,56.1,3.28,2.14,3.01,3.1,3.56,5.07,26.64,27.3,27.49,27.53,27.04,26.41,9.39,5.16,2.55,2.56,3.92,5.95,8.79
9.69,1991-09-08,70.83,73.37,75.58,72.1,57.65,56.38,27.9,27.68,27.91,28.42,30.16,29.39,34.85,34.01,35.17,36.63,37.72,37.62,22.28,23.8,23.94,23.88,23.2,21.92,25.37,60.39,153.54,126.34,11.23,0.66,0.52,0.6,0.6,0.51,0.46,0.46,0.49,0.59,0.6,0.46,0.16,0.15,61.4,60.3,64.7,73.5,61.5,52.1,2.89,3.28,2.14,3.01,3.1,3.56,25.63,26.64,27.3,27.49,27.53,27.04,9.87,9.39,5.16,2.55,2.56,3.92,8.49
15.2,1991-10-31,73.18,70.83,73.37,75.58,72.1,57.65,27.71,27.9,27.68,27.91,28.42,30.16,35.31,34.85,34.01,35.17,36.63,37.72,23.62,22.28,23.8,23.94,23.88,23.2,157.86,25.37,60.39,153.54,126.34,11.23,0.54,0.52,0.6,0.6,0.51,0.46,0.52,0.49,0.59,0.6,0.46,0.16,48.9,61.4,60.3,64.7,73.5,61.5,2.19,2.89,3.28,2.14,3.01,3.1,25.26,25.63,26.64,27.3,27.49,27.53,9.69,9.87,9.39,5.16,2.55,2.56,11.1
10.8,1991-11-24,80.71,73.18,70.83,73.37,75.58,72.1,26.3,27.71,27.9,27.68,27.91,28.42,32.48,35.31,34.85,34.01,35.17,36.63,22.73,23.62,22.28,23.8,23.94,23.88,82.91,157.86,25.37,60.39,153.54,126.34,0.61,0.54,0.52,0.6,0.6,0.51,0.61,0.52,0.49,0.59,0.6,0.46,354.8,48.9,61.4,60.3,64.7,73.5,1.77,2.19,2.89,3.28,2.14,3.01,25.59,25.26,25.63,26.64,27.3,27.49,15.2,9.69,9.87,9.39,5.16,2.55,14.9
10.9,1991-12-08,70.55,80.71,73.18,70.83,73.37,75.58,27.51,26.3,27.71,27.9,27.68,27.91,34.27,32.48,35.31,34.85,34.01,35.17,22.11,22.73,23.62,22.28,23.8,23.94,6.32,82.91,157.86,25.37,60.39,153.54,0.53,0.61,0.54,0.52,0.6,0.6,0.5,0.61,0.52,0.49,0.59,0.6,53.9,354.8,48.9,61.4,60.3,64.7,3.15,1.77,2.19,2.89,3.28,2.14,26.05,25.59,25.26,25.63,26.64,27.3,10.8,15.2,9.69,9.87,9.39,5.16,11.6
7.35,1992-01-31,64.64,70.55,80.71,73.18,70.83,73.37,27.69,27.51,26.3,27.71,27.9,27.68,34.25,34.27,32.48,35.31,34.85,34.01,21.13,22.11,22.73,23.62,22.28,23.8,6.46,6.32,82.91,157.86,25.37,60.39,0.47,0.53,0.61,0.54,0.52,0.6,0.33,0.5,0.61,0.52,0.49,0.59,56.5,53.9,354.8,48.9,61.4,60.3,4.52,3.15,1.77,2.19,2.89,3.28,26.48,26.05,25.59,25.26,25.63,26.64,10.9,10.8,15.2,9.69,9.87,9.39,7.62
5.42,1992-02-29,61.09,64.64,70.55,80.71,73.18,70.83,28.0,27.69,27.51,26.3,27.71,27.9,34.95,34.25,34.27,32.48,35.31,34.85,21.77,21.13,22.11,22.73,23.62,22.28,0.06,6.46,6.32,82.91,157.86,25.37,0.46,0.47,0.53,0.61,0.54,0.52,0.2,0.33,0.5,0.61,0.52,0.49,57.9,56.5,53.9,354.8,48.9,61.4,4.29,4.52,3.15,1.77,2.19,2.89,27.03,26.48,26.05,25.59,25.26,25.63,7.35,10.9,10.8,15.2,9.69,9.87,5.95
4.8,1992-03-31,60.5,61.09,64.64,70.55,80.71,73.18,28.41,28.0,27.69,27.51,26.3,27.71,36.5,34.95,34.25,34.27,32.48,35.31,21.53,21.77,21.13,22.11,22.73,23.62,5.51,0.06,6.46,6.32,82.91,157.86,0.46,0.46,0.47,0.53,0.61,0.54,0.22,0.2,0.33,0.5,0.61,0.52,56.4,57.9,56.5,53.9,354.8,48.9,3.96,4.29,4.52,3.15,1.77,2.19,27.67,27.03,26.48,26.05,25.59,25.26,5.42,7.35,10.9,10.8,15.2,9.69,3.92
4.64,1992-04-29,55.71,60.5,61.09,64.64,70.55,80.71,29.34,28.41,28.0,27.69,27.51,26.3,38.04,36.5,34.95,34.25,34.27,32.48,22.2,21.53,21.77,21.13,22.11,22.73,0.53,5.51,0.06,6.46,6.32,82.91,0.46,0.46,0.46,0.47,0.53,0.61,0.16,0.22,0.2,0.33,0.5,0.61,60.1,56.4,57.9,56.5,53.9,354.8,4.29,3.96,4.29,4.52,3.15,1.77,28.26,27.67,27.03,26.48,26.05,25.59,4.8,5.42,7.35,10.9,10.8,15.2,2.56
3.62,1992-05-13,57.23,55.71,60.5,61.09,64.64,70.55,30.18,29.34,28.41,28.0,27.69,27.51,38.15,38.04,36.5,34.95,34.25,34.27,23.75,22.2,21.53,21.77,21.13,22.11,6.32,0.53,5.51,0.06,6.46,6.32,0.46,0.46,0.46,0.46,0.47,0.53,0.16,0.16,0.22,0.2,0.33,0.5,51.3,60.1,56.4,57.9,56.5,53.9,3.83,4.29,3.96,4.29,4.52,3.15,28.75,28.26,27.67,27.03,26.48,26.05,4.64,4.8,5.42,7.35,10.9,10.8,2.55
5.48,1992-06-01,68.22,57.23,55.71,60.5,61.09,64.64,28.94,30.18,29.34,28.41,28.0,27.69,37.03,38.15,38.04,36.5,34.95,34.25,23.91,23.75,22.2,21.53,21.77,21.13,191.27,6.32,0.53,5.51,0.06,6.46,0.52,0.46,0.46,0.46,0.46,0.47,0.48,0.16,0.16,0.22,0.2,0.33,54.2,51.3,60.1,56.4,57.9,56.5,2.93,3.83,4.29,3.96,4.29,4.52,28.44,28.75,28.26,27.67,27.03,26.48,3.62,4.64,4.8,5.42,7.35,10.9,5.16
7.25,1992-07-08,79.08,68.22,57.23,55.71,60.5,61.09,27.71,28.94,30.18,29.34,28.41,28.0,33.88,37.03,38.15,38.04,36.5,34.95,23.73,23.91,23.75,22.2,21.53,21.77,102.61,191.27,6.32,0.53,5.51,0.06,0.64,0.52,0.46,0.46,0.46,0.46,0.64,0.48,0.16,0.16,0.22,0.2,24.9,54.2,51.3,60.1,56.4,57.9,1.84,2.93,3.83,4.29,3.96,4.29,27.17,28.44,28.75,28.26,27.67,27.03,5.48,3.62,4.64,4.8,5.42,7.35,9.39
10.4,1992-08-03,79.2,79.08,68.22,57.23,55.71,60.5,26.78,27.71,28.94,30.18,29.34,28.41,32.68,33.88,37.03,38.15,38.04,36.5,23.22,23.73,23.91,23.75,22.2,21.53,102.41,102.61,191.27,6.32,0.53,5.51,0.64,0.64,0.52,0.46,0.46,0.46,0.64,0.64,0.48,0.16,0.16,0.22,66.9,24.9,54.2,51.3,60.1,56.4,2.5,1.84,2.93,3.83,4.29,3.96,25.75,27.17,28.44,28.75,28.26,27.67,7.25,5.48,3.62,4.64,4.8,5.42,9.87
12.0,1992-09-14,76.21,79.2,79.08,68.22,57.23,55.71,27.1,26.78,27.71,28.94,30.18,29.34,33.64,32.68,33.88,37.03,38.15,38.04,22.99,23.22,23.73,23.91,23.75,22.2,128.25,102.41,102.61,191.27,6.32,0.53,0.63,0.64,0.64,0.52,0.46,0.46,0.63,0.64,0.64,0.48,0.16,0.16,64.2,66.9,24.9,54.2,51.3,60.1,2.48,2.5,1.84,2.93,3.83,4.29,25.03,25.75,27.17,28.44,28.75,28.26,10.4,7.25,5.48,3.62,4.64,4.8,9.69
