humedad,temp,temp_max,temp_min,prep,soil_perfil,soil_superf,dir_viento,vel_viento,nino,caudal_minimo,fecha
,,,,,,,,,23.56,,1950-01-01
,,,,,,,,,24.89,,1950-02-01
,,,,,,,,,26.36,,1950-03-01
,,,,,,,,,26.44,,1950-04-01
,,,,,,,,,25.69,,1950-05-01
,,,,,,,,,25.51,,1950-06-01
,,,,,,,,,24.91,,1950-07-01
,,,,,,,,,24.47,,1950-08-01
,,,,,,,,,24.01,,1950-09-01
,,,,,,,,,24.17,,1950-10-01
,,,,,,,,,23.86,,1950-11-01
,,,,,,,,,24.15,,1950-12-01
,,,,,,,,,24.79,,1951-01-01
,,,,,,,,,25.65,,1951-02-01
,,,,,,,,,26.87,,1951-03-01
,,,,,,,,,27.37,,1951-04-01
,,,,,,,,,27.07,,1951-05-01
,,,,,,,,,26.66,,1951-06-01
,,,,,,,,,26.42,,1951-07-01
,,,,,,,,,25.52,13.9,1951-08-14
,,,,,,,,,25.36,18.4,1951-09-17
,,,,,,,,,25.58,21.8,1951-10-31
,,,,,,,,,25.91,15.9,1951-11-30
,,,,,,,,,25.84,17.6,1951-12-15
,,,,,,,,,25.8,16.4,1952-01-31
,,,,,,,,,26.37,10.2,1952-02-24
,,,,,,,,,27.05,8.2,1952-03-24
,,,,,,,,,27.27,7.1,1952-04-18
,,,,,,,,,26.64,6.8,1952-05-05
,,,,,,,,,25.7,9.1,1952-06-03
,,,,,,,,,24.82,11.0,1952-07-03
,,,,,,,,,24.44,14.4,1952-08-04
,,,,,,,,,24.26,13.6,1952-09-01
,,,,,,,,,24.36,28.0,1952-10-24
,,,,,,,,,24.07,22.7,1952-11-29
,,,,,,,,,24.67,21.0,1952-12-21
,,,,,,,,,25.72,17.3,1953-01-31
,,,,,,,,,26.63,11.6,1953-02-27
,,,,,,,,,27.52,9.9,1953-03-27
,,,,,,,,,27.72,10.2,1953-04-14
,,,,,,,,,27.37,11.0,1953-05-02
,,,,,,,,,26.88,22.7,1953-06-21
,,,,,,,,,25.74,19.5,1953-07-19
,,,,,,,,,25.06,19.4,1953-08-31
,,,,,,,,,25.19,17.1,1953-09-06
,,,,,,,,,25.1,22.6,1953-10-29
,,,,,,,,,25.15,16.4,1953-11-23
,,,,,,,,,25.43,17.2,1953-12-01
,,,,,,,,,25.5,21.38,1954-01-20
,,,,,,,,,26.27,16.38,1954-02-28
,,,,,,,,,26.56,10.8,1954-03-23
,,,,,,,,,25.61,9.8,1954-04-06
,,,,,,,,,25.62,7.2,1954-05-18
,,,,,,,,,25.04,21.5,1954-06-01
,,,,,,,,,24.35,26.15,1954-07-19
,,,,,,,,,23.56,20.63,1954-08-16
,,,,,,,,,23.17,26.9,1954-09-04
,,,,,,,,,23.32,20.88,1954-10-06
,,,,,,,,,23.64,20.0,1954-11-16
,,,,,,,,,23.68,22.5,1954-12-30
,,,,,,,,,24.8,17.15,1955-01-31
,,,,,,,,,25.7,15.4,1955-02-28
,,,,,,,,,26.3,12.5,1955-03-31
,,,,,,,,,26.27,11.0,1955-04-22
,,,,,,,,,25.43,9.4,1955-05-26
,,,,,,,,,24.93,12.88,1955-06-28
,,,,,,,,,24.4,,1955-07-01
,,,,,,,,,23.66,,1955-08-01
,,,,,,,,,23.22,,1955-09-01
,,,,,,,,,22.58,,1955-10-01
,,,,,,,,,22.71,,1955-11-01
,,,,,,,,,23.14,,1955-12-01
,,,,,,,,,24.6,17.0,1956-01-22
,,,,,,,,,25.7,16.9,1956-02-26
,,,,,,,,,26.67,16.5,1956-03-27
,,,,,,,,,26.92,12.3,1956-04-26
,,,,,,,,,26.49,12.1,1956-05-01
,,,,,,,,,25.77,16.6,1956-06-02
,,,,,,,,,24.78,19.0,1956-07-23
,,,,,,,,,24.06,18.0,1956-08-08
,,,,,,,,,23.88,11.0,1956-09-19
,,,,,,,,,23.91,27.45,1956-10-20
,,,,,,,,,23.77,21.3,1956-11-30
,,,,,,,,,24.02,20.5,1956-12-04
,,,,,,,,,24.94,19.5,1957-01-31
,,,,,,,,,26.2,14.0,1957-02-26
,,,,,,,,,27.47,11.5,1957-03-30
,,,,,,,,,27.86,10.9,1957-04-28
,,,,,,,,,27.79,10.2,1957-05-06
,,,,,,,,,27.31,15.0,1957-06-18
,,,,,,,,,26.88,15.0,1957-07-02
,,,,,,,,,26.0,16.0,1957-08-29
,,,,,,,,,25.55,15.8,1957-09-02
,,,,,,,,,25.6,18.3,1957-10-08
,,,,,,,,,26.01,15.6,1957-11-20
,,,,,,,,,26.48,17.0,1957-12-31
,,,,,,,,,26.96,10.6,1958-01-31
,,,,,,,,,27.44,8.8,1958-02-17
,,,,,,,,,27.72,7.9,1958-03-23
,,,,,,,,,27.81,7.4,1958-04-14
,,,,,,,,,27.29,7.9,1958-05-02
,,,,,,,,,26.57,15.3,1958-06-24
,,,,,,,,,25.56,13.1,1958-07-12
,,,,,,,,,24.91,14.0,1958-08-30
,,,,,,,,,24.39,12.9,1958-09-11
,,,,,,,,,24.48,12.3,1958-10-08
,,,,,,,,,24.89,13.3,1958-11-29
,,,,,,,,,24.81,14.0,1958-12-15
,,,,,,,,,25.58,13.12,1959-01-27
,,,,,,,,,26.35,8.8,1959-02-28
,,,,,,,,,27.07,7.6,1959-03-22
,,,,,,,,,27.45,7.4,1959-04-04
,,,,,,,,,26.84,7.3,1959-05-23
,,,,,,,,,26.07,8.3,1959-06-02
,,,,,,,,,24.95,11.87,1959-07-17
,,,,,,,,,24.25,13.12,1959-08-04
,,,,,,,,,24.17,12.25,1959-09-01
,,,,,,,,,24.54,17.45,1959-10-02
,,,,,,,,,24.57,12.0,1959-11-26
,,,,,,,,,24.75,12.15,1959-12-22
,,,,,,,,,25.31,14.09,1960-01-29
,,,,,,,,,25.93,10.41,1960-02-29
,,,,,,,,,26.87,8.23,1960-03-16
,,,,,,,,,27.15,8.23,1960-04-06
,,,,,,,,,26.71,8.57,1960-05-10
,,,,,,,,,25.86,9.26,1960-06-19
,,,,,,,,,25.21,11.56,1960-07-19
,,,,,,,,,24.79,13.86,1960-08-03
,,,,,,,,,24.57,17.43,1960-09-19
,,,,,,,,,24.11,11.68,1960-10-04
,,,,,,,,,24.16,,1960-11-01
,,,,,,,,,24.57,30.08,1960-12-15
,,,,,,,,,25.11,20.1,1961-01-31
,,,,,,,,,26.2,15.13,1961-02-15
,,,,,,,,,26.82,10.07,1961-03-31
,,,,,,,,,27.31,8.69,1961-04-30
,,,,,,,,,26.99,8.61,1961-05-20
,,,,,,,,,26.29,9.2,1961-06-01
,,,,,,,,,24.83,9.05,1961-07-18
,,,,,,,,,24.09,13.12,1961-08-30
,,,,,,,,,23.52,13.01,1961-09-14
,,,,,,,,,23.69,19.24,1961-10-10
,,,,,,,,,24.28,20.67,1961-11-24
,,,,,,,,,24.58,16.72,1961-12-05
,,,,,,,,,25.09,15.67,1962-01-03
,,,,,,,,,25.97,11.26,1962-02-26
,,,,,,,,,26.47,9.32,1962-03-16
,,,,,,,,,26.47,8.76,1962-04-20
,,,,,,,,,26.17,8.82,1962-05-08
,,,,,,,,,25.67,9.7,1962-06-02
,,,,,,,,,25.05,18.3,1962-07-01
,,,,,,,,,24.64,16.48,1962-08-15
,,,,,,,,,24.11,17.32,1962-09-14
,,,,,,,,,24.14,28.5,1962-10-03
,,,,,,,,,23.98,17.18,1962-11-11
,,,,,,,,,24.08,15.5,1962-12-27
,,,,,,,,,24.85,13.1,1963-01-21
,,,,,,,,,25.79,10.6,1963-02-25
,,,,,,,,,26.91,8.91,1963-03-31
,,,,,,,,,27.43,8.91,1963-04-01
,,,,,,,,,26.97,8.14,1963-05-15
,,,,,,,,,26.58,8.0,1963-06-03
,,,,,,,,,26.24,9.52,1963-07-16
,,,,,,,,,25.68,9.79,1963-08-30
,,,,,,,,,25.36,9.93,1963-09-05
,,,,,,,,,25.41,10.88,1963-10-27
,,,,,,,,,25.66,15.76,1963-11-03
,,,,,,,,,25.98,14.35,1963-12-28
,,,,,,,,,26.02,8.0,1964-01-29
,,,,,,,,,26.31,7.6,1964-02-15
,,,,,,,,,26.72,6.7,1964-03-26
,,,,,,,,,26.19,6.7,1964-04-25
,,,,,,,,,25.42,6.9,1964-05-13
,,,,,,,,,24.99,9.3,1964-06-02
,,,,,,,,,24.69,15.5,1964-07-31
,,,,,,,,,23.55,11.7,1964-08-11
,,,,,,,,,23.74,19.5,1964-09-07
,,,,,,,,,23.76,37.7,1964-10-02
,,,,,,,,,23.92,20.7,1964-11-30
,,,,,,,,,23.73,11.6,1964-12-06
,,,,,,,,,24.7,11.3,1965-01-31
,,,,,,,,,25.86,9.1,1965-02-26
,,,,,,,,,26.93,8.0,1965-03-28
,,,,,,,,,27.47,7.6,1965-04-26
,,,,,,,,,27.56,4.4,1965-05-17
,,,,,,,,,27.09,5.6,1965-06-08
,,,,,,,,,26.51,6.6,1965-07-01
,,,,,,,,,26.13,9.18,1965-08-13
,,,,,,,,,25.98,10.6,1965-09-14
,,,,,,,,,26.09,13.6,1965-10-11
,,,,,,,,,26.38,12.8,1965-11-30
,,,,,,,,,26.45,11.9,1965-12-17
,,,,,,,,,26.69,10.12,1966-01-30
,,,,,,,,,26.9,8.5,1966-02-21
,,,,,,,,,27.18,6.8,1966-03-18
,,,,,,,,,27.3,5.47,1966-04-20
,,,,,,,,,26.2,6.5,1966-05-14
,,,,,,,,,25.89,11.05,1966-06-06
,,,,,,,,,25.26,17.04,1966-07-06
,,,,,,,,,24.35,13.2,1966-08-31
,,,,,,,,,24.0,12.86,1966-09-05
,,,,,,,,,24.24,23.05,1966-10-31
,,,,,,,,,24.11,22.76,1966-11-30
,,,,,,,,,24.13,19.15,1966-12-26
,,,,,,,,,24.93,16.36,1967-01-12
,,,,,,,,,25.91,13.98,1967-02-26
,,,,,,,,,26.3,12.0,1967-03-31
,,,,,,,,,26.35,10.5,1967-04-21
,,,,,,,,,26.59,12.2,1967-05-23
,,,,,,,,,26.24,13.8,1967-06-01
,,,,,,,,,25.11,13.7,1967-07-20
,,,,,,,,,24.13,15.7,1967-08-29
,,,,,,,,,23.51,16.75,1967-09-06
,,,,,,,,,23.62,20.64,1967-10-19
,,,,,,,,,23.89,22.1,1967-11-26
,,,,,,,,,23.99,17.62,1967-12-31
,,,,,,,,,24.26,16.85,1968-01-27
,,,,,,,,,24.83,8.25,1968-02-29
,,,,,,,,,25.76,6.49,1968-03-25
,,,,,,,,,26.49,6.15,1968-04-29
,,,,,,,,,26.04,6.4,1968-05-01
,,,,,,,,,26.19,24.04,1968-06-26
,,,,,,,,,25.88,18.87,1968-07-20
,,,,,,,,,25.15,15.5,1968-08-15
,,,,,,,,,24.82,15.09,1968-09-12
,,,,,,,,,24.96,18.8,1968-10-14
,,,,,,,,,25.15,17.7,1968-11-08
,,,,,,,,,25.62,16.2,1968-12-28
,,,,,,,,,26.11,9.75,1969-01-20
,,,,,,,,,26.72,8.35,1969-02-23
,,,,,,,,,27.42,8.35,1969-03-31
,,,,,,,,,27.76,7.07,1969-04-17
,,,,,,,,,27.71,7.07,1969-05-16
,,,,,,,,,26.85,11.15,1969-06-24
,,,,,,,,,25.71,11.15,1969-07-21
,,,,,,,,,25.36,14.46,1969-08-07
,,,,,,,,,25.36,21.7,1969-09-15
,,,,,,,,,25.52,38.29,1969-10-01
,,,,,,,,,25.62,20.02,1969-11-24
,,,,,,,,,25.87,20.1,1969-12-31
,,,,,,,,,26.08,14.01,1970-01-20
,,,,,,,,,26.41,13.19,1970-02-21
,,,,,,,,,26.83,12.65,1970-03-31
,,,,,,,,,27.04,9.7,1970-04-26
,,,,,,,,,26.27,,1970-05-01
,,,,,,,,,25.16,,1970-06-01
,,,,,,,,,23.87,,1970-07-01
,,,,,,,,,23.38,,1970-08-01
,,,,,,,,,23.63,,1970-09-01
,,,,,,,,,23.71,,1970-10-01
,,,,,,,,,23.62,,1970-11-01
,,,,,,,,,23.91,,1970-12-01
,,,,,,,,,24.08,,1971-01-01
,,,,,,,,,24.84,,1971-02-01
,,,,,,,,,25.9,,1971-03-01
,,,,,,,,,26.54,,1971-04-01
,,,,,,,,,26.13,,1971-05-01
,,,,,,,,,25.38,,1971-06-01
,,,,,,,,,24.68,,1971-07-01
,,,,,,,,,23.79,,1971-08-01
,,,,,,,,,23.86,,1971-09-01
,,,,,,,,,23.65,,1971-10-01
,,,,,,,,,23.79,,1971-11-01
,,,,,,,,,23.75,,1971-12-01
,,,,,,,,,24.93,,1972-01-01
,,,,,,,,,25.88,,1972-02-01
,,,,,,,,,26.91,,1972-03-01
,,,,,,,,,27.58,,1972-04-01
,,,,,,,,,27.46,,1972-05-01
,,,,,,,,,27.23,,1972-06-01
,,,,,,,,,27.01,,1972-07-01
,,,,,,,,,26.74,,1972-08-01
,,,,,,,,,26.33,,1972-09-01
,,,,,,,,,26.72,,1972-10-01
,,,,,,,,,27.09,,1972-11-01
,,,,,,,,,27.47,,1972-12-01
,,,,,,,,,27.44,,1973-01-01
,,,,,,,,,27.2,,1973-02-01
,,,,,,,,,27.29,,1973-03-01
,,,,,,,,,26.75,,1973-04-01
,,,,,,,,,25.93,,1973-05-01
,,,,,,,,,25.21,,1973-06-01
,,,,,,,,,24.15,,1973-07-01
,,,,,,,,,23.5,,1973-08-01
,,,,,,,,,23.38,,1973-09-01
,,,,,,,,,23.29,,1973-10-01
,,,,,,,,,23.28,,1973-11-01
,,,,,,,,,23.37,,1973-12-01
,,,,,,,,,23.86,,1974-01-01
,,,,,,,,,25.07,,1974-02-01
,,,,,,,,,26.24,,1974-03-01
,,,,,,,,,26.77,,1974-04-01
,,,,,,,,,26.36,,1974-05-01
,,,,,,,,,25.78,,1974-06-01
,,,,,,,,,25.22,,1974-07-01
,,,,,,,,,24.72,,1974-08-01
,,,,,,,,,24.27,,1974-09-01
,,,,,,,,,23.95,,1974-10-01
,,,,,,,,,24.0,,1974-11-01
,,,,,,,,,24.19,,1974-12-01
,,,,,,,,,25.12,,1975-01-01
,,,,,,,,,25.56,,1975-02-01
,,,,,,,,,26.34,,1975-03-01
,,,,,,,,,27.01,,1975-04-01
,,,,,,,,,26.16,,1975-05-01
,,,,,,,,,25.22,,1975-06-01
,,,,,,,,,24.61,,1975-07-01
,,,,,,,,,24.04,,1975-08-01
,,,,,,,,,23.5,,1975-09-01
,,,,,,,,,23.37,,1975-10-01
,,,,,,,,,23.67,,1975-11-01
,,,,,,,,,23.41,,1975-12-01
,,,,,,,,,23.76,,1976-01-01
,,,,,,,,,25.3,,1976-02-01
,,,,,,,,,26.53,,1976-03-01
,,,,,,,,,26.92,,1976-04-01
,,,,,,,,,26.91,,1976-05-01
,,,,,,,,,26.94,,1976-06-01
,,,,,,,,,26.24,,1976-07-01
,,,,,,,,,25.87,,1976-08-01
,,,,,,,,,25.72,,1976-09-01
,,,,,,,,,25.89,,1976-10-01
,,,,,,,,,25.88,,1976-11-01
,,,,,,,,,25.89,,1976-12-01
,,,,,,,,,26.54,,1977-01-01
,,,,,,,,,26.96,,1977-02-01
,,,,,,,,,27.42,,1977-03-01
,,,,,,,,,26.94,,1977-04-01
,,,,,,,,,26.87,,1977-05-01
,,,,,,,,,26.43,,1977-06-01
,,,,,,,,,25.57,,1977-07-01
,,,,,,,,,24.73,,1977-08-01
,,,,,,,,,24.87,,1977-09-01
,,,,,,,,,25.25,,1977-10-01
,,,,,,,,,25.3,,1977-11-01
,,,,,,,,,25.48,,1977-12-01
,,,,,,,,,25.79,,1978-01-01
,,,,,,,,,26.41,,1978-02-01
,,,,,,,,,26.75,,1978-03-01
,,,,,,,,,26.64,,1978-04-01
,,,,,,,,,26.1,,1978-05-01
,,,,,,,,,25.65,,1978-06-01
,,,,,,,,,24.95,,1978-07-01
,,,,,,,,,24.1,,1978-08-01
,,,,,,,,,24.18,,1978-09-01
,,,,,,,,,24.57,,1978-10-01
,,,,,,,,,24.79,,1978-11-01
,,,,,,,,,25.24,,1978-12-01
,,,,,,,,,25.34,,1979-01-01
,,,,,,,,,26.12,,1979-02-01
,,,,,,,,,27.15,,1979-03-01
,,,,,,,,,27.65,,1979-04-01
,,,,,,,,,27.2,,1979-05-01
,,,,,,,,,26.47,,1979-06-01
,,,,,,,,,25.49,,1979-07-01
,,,,,,,,,25.25,,1979-08-01
,,,,,,,,,25.48,,1979-09-01
,,,,,,,,,25.42,52.3,1979-10-07
,,,,,,,,,25.5,47.5,1979-11-30
,,,,,,,,,25.66,28.7,1979-12-29
,,,,,,,,,26.04,16.3,1980-01-31
,,,,,,,,,26.44,10.8,1980-02-29
,,,,,,,,,27.03,8.49,1980-03-31
,,,,,,,,,27.38,7.5,1980-04-30
,,,,,,,,,27.1,6.76,1980-05-07
,,,,,,,,,26.7,12.4,1980-06-06
,,,,,,,,,25.57,17.2,1980-07-11
,,,,,,,,,24.78,16.2,1980-08-27
,,,,,,,,,24.72,17.1,1980-09-07
,,,,,,,,,24.56,37.5,1980-10-30
,,,,,,,,,25.0,,1980-11-04
,,,,,,,,,25.23,21.1,1980-12-31
77.24,24.89,31.82,19.82,7.81,0.63,0.61,48.3,4.1,24.95,14.1,1981-01-31
67.86,27.11,34.22,21.82,0.72,0.49,0.42,56.3,4.2,25.52,10.6,1981-02-26
63.49,28.64,36.72,21.64,7.98,0.46,0.28,60.2,3.32,26.61,7.41,1981-03-31
66.07,28.84,36.48,23.38,89.69,0.47,0.37,59.1,4.27,27.06,6.46,1981-04-29
75.61,28.12,35.12,24.05,159.04,0.58,0.59,12.8,2.12,26.71,12.5,1981-05-01
83.52,26.47,30.98,23.16,300.12,0.7,0.72,1.5,1.94,26.19,39.2,1981-06-29
78.8,26.84,31.76,22.98,112.16,0.68,0.67,66.9,2.04,25.21,28.4,1981-07-27
83.75,26.02,32.42,23.03,359.6,0.74,0.77,358.2,2.07,24.38,28.0,1981-08-01
84.21,26.16,30.62,22.07,258.1,0.81,0.85,72.4,1.71,24.67,31.8,1981-09-27
85.77,25.88,30.11,22.9,361.33,0.88,0.9,12.1,1.61,24.8,27.7,1981-10-08
86.8,25.38,29.83,22.17,62.42,0.85,0.86,37.4,2.68,24.7,25.5,1981-11-30
81.91,25.82,31.78,21.36,48.48,0.68,0.69,51.0,2.99,25.17,18.5,1981-12-30
71.96,26.62,33.2,21.4,7.33,0.53,0.49,58.6,3.88,25.86,15.2,1982-01-31
63.38,28.14,35.7,21.8,4.28,0.47,0.31,61.8,3.9,26.4,11.6,1982-02-28
58.31,28.78,37.3,22.05,18.14,0.46,0.22,62.0,3.67,27.11,8.99,1982-03-31
59.0,29.41,37.65,22.74,10.52,0.46,0.28,69.1,2.82,27.57,8.2,1982-04-29
78.94,27.46,35.52,23.27,400.6,0.63,0.67,160.8,2.01,27.64,1110.0,1982-05-27
83.32,26.96,31.12,23.24,85.84,0.77,0.81,50.3,1.83,27.16,,1982-06-01
78.85,26.6,31.87,22.18,58.39,0.65,0.65,57.3,3.32,26.22,213.0,1982-07-05
72.46,27.88,35.07,23.49,38.18,0.55,0.53,62.0,3.43,26.06,,1982-08-01
77.87,27.17,35.09,23.29,199.44,0.57,0.59,66.9,2.33,26.79,178.0,1982-09-30
80.24,26.22,31.97,21.86,110.41,0.64,0.65,57.5,2.44,27.28,231.0,1982-10-12
73.1,27.41,33.47,22.34,44.95,0.58,0.56,56.4,3.28,27.5,36.0,1982-11-02
67.6,27.71,34.79,21.76,5.64,0.49,0.38,53.6,4.44,28.08,13.6,1982-12-01
64.32,28.42,36.96,21.98,5.36,0.46,0.27,49.6,4.56,28.66,22.6,1983-01-05
59.53,29.26,37.93,21.92,9.68,0.46,0.23,50.3,3.63,28.71,12.2,1983-02-01
59.13,30.03,38.25,23.28,6.55,0.46,0.23,47.0,3.2,28.89,8.54,1983-03-01
56.72,30.8,38.82,23.8,11.17,0.46,0.21,59.3,2.55,29.13,7.4,1983-04-01
63.92,30.31,37.98,24.35,51.05,0.47,0.37,73.3,2.78,28.98,5.69,1983-05-30
75.32,28.19,34.27,24.15,132.0,0.52,0.53,79.5,2.07,28.14,7.33,1983-06-01
71.14,28.38,34.38,23.79,64.92,0.55,0.54,60.7,3.01,26.61,8.79,1983-07-09
69.46,28.38,35.51,23.25,72.84,0.52,0.49,61.8,2.9,25.77,9.06,1983-08-22
76.01,27.35,34.45,22.78,172.72,0.58,0.59,77.9,1.71,25.03,10.5,1983-09-24
81.36,26.28,32.59,21.83,201.4,0.65,0.69,61.1,2.13,24.37,13.2,1983-10-02
81.9,26.54,31.55,22.68,85.72,0.64,0.65,49.0,2.27,24.07,13.8,1983-11-09
75.49,26.49,32.32,22.1,31.25,0.56,0.53,56.0,3.67,24.39,9.69,1983-12-31
65.67,26.83,33.99,19.58,0.6,0.48,0.39,51.4,4.43,25.08,9.09,1984-01-21
62.77,28.05,35.43,22.53,1.72,0.46,0.22,54.4,3.66,26.26,7.33,1984-02-27
59.41,28.83,37.55,21.6,2.31,0.46,0.19,50.9,3.35,26.97,5.75,1984-03-31
57.13,29.51,37.74,22.34,5.74,0.46,0.19,47.0,2.64,27.09,5.16,1984-04-30
66.09,28.82,36.89,23.61,150.04,0.5,0.38,66.0,2.34,26.32,4.24,1984-05-12
76.45,27.32,34.04,22.97,114.39,0.61,0.61,72.8,1.94,25.45,7.33,1984-06-08
74.08,27.23,33.77,22.12,117.59,0.61,0.6,61.9,1.91,25.03,9.0,1984-07-01
76.36,27.14,33.41,22.65,144.18,0.63,0.63,51.9,2.22,24.71,13.9,1984-08-26
81.99,26.0,33.34,22.71,243.57,0.68,0.7,298.1,1.96,24.56,17.2,1984-09-07
82.2,26.36,31.52,22.35,84.53,0.7,0.71,51.8,1.94,24.31,26.1,1984-10-22
74.51,25.92,32.8,20.78,41.96,0.61,0.59,37.1,2.88,24.11,16.3,1984-11-30
67.7,26.77,33.47,21.34,3.57,0.5,0.42,51.3,4.88,23.96,14.8,1984-12-18
63.34,26.68,33.63,21.34,3.41,0.46,0.27,53.9,4.28,24.4,11.9,1985-01-23
60.59,27.57,35.26,21.66,0.69,0.46,0.18,55.7,4.78,25.5,10.9,1985-02-28
57.59,28.53,37.22,22.17,1.4,0.46,0.15,56.3,4.27,26.42,7.36,1985-03-31
57.82,29.31,37.25,22.77,5.73,0.46,0.19,57.3,3.28,26.53,6.36,1985-04-26
66.11,28.87,36.35,22.65,50.92,0.48,0.39,59.1,1.83,26.19,6.22,1985-05-08
69.08,28.21,34.99,24.03,89.8,0.49,0.44,63.3,2.23,25.6,7.91,1985-06-02
71.67,27.24,35.0,22.67,130.17,0.55,0.52,65.5,2.47,24.71,10.3,1985-07-03
73.51,26.93,33.29,22.01,52.0,0.55,0.53,70.0,2.1,24.24,11.7,1985-08-15
73.27,27.37,34.57,23.18,69.6,0.53,0.51,50.2,1.88,24.04,13.2,1985-09-26
71.7,27.43,34.56,22.85,72.64,0.5,0.46,7.9,2.3,24.18,14.6,1985-10-21
70.6,27.32,34.74,22.21,33.56,0.52,0.47,53.5,2.68,24.4,18.0,1985-11-30
65.85,27.48,34.02,21.78,23.26,0.48,0.36,53.3,3.99,24.5,14.2,1985-12-26
62.4,27.13,34.23,20.92,0.67,0.46,0.23,53.2,4.76,24.86,11.5,1986-01-31
57.43,27.96,35.34,20.37,0.58,0.46,0.17,56.0,2.67,25.88,8.37,1986-02-28
58.54,27.99,36.74,20.58,8.65,0.46,0.21,52.3,4.06,26.83,6.77,1986-03-25
56.05,30.08,37.63,22.83,0.07,0.46,0.17,59.9,3.41,27.2,5.77,1986-04-30
69.19,28.76,37.16,24.02,156.34,0.5,0.42,92.0,2.76,26.65,5.34,1986-05-21
80.69,26.72,33.23,23.2,154.58,0.64,0.66,62.9,2.6,26.17,17.7,1986-06-03
77.89,26.58,32.58,22.37,117.1,0.66,0.66,60.7,3.32,25.67,16.4,1986-07-28
75.92,27.04,32.81,23.01,244.46,0.64,0.65,63.0,2.75,25.29,14.6,1986-08-09
81.3,26.52,31.88,22.09,190.17,0.71,0.71,65.6,2.32,25.2,17.4,1986-09-07
80.46,26.25,32.09,22.26,187.41,0.7,0.71,47.6,2.13,25.51,19.4,1986-10-26
75.43,27.04,32.98,22.03,85.28,0.65,0.62,57.3,2.85,25.88,13.3,1986-11-25
70.92,27.02,33.42,21.38,31.0,0.55,0.53,54.4,3.91,26.15,14.2,1986-12-31
64.02,27.21,35.6,20.48,3.5,0.48,0.33,54.0,4.63,26.68,9.09,1987-01-25
61.53,28.51,37.41,21.19,4.12,0.46,0.24,55.4,4.08,27.55,7.3,1987-02-28
57.81,30.03,38.51,22.08,7.26,0.46,0.17,46.3,2.84,28.2,5.7,1987-03-31
62.54,29.26,36.93,22.77,50.47,0.49,0.41,58.9,3.44,28.35,5.27,1987-04-25
63.3,29.65,37.03,24.67,23.35,0.46,0.31,71.6,2.8,28.14,5.47,1987-05-01
64.47,29.65,36.77,24.43,55.95,0.47,0.37,72.4,1.7,27.48,7.33,1987-06-22
73.58,27.93,34.98,23.85,117.85,0.53,0.52,66.3,2.76,26.92,7.37,1987-07-02
70.36,27.96,35.45,23.42,36.72,0.52,0.49,69.4,2.89,26.57,11.6,1987-08-20
69.28,28.43,36.13,23.73,58.08,0.48,0.43,71.9,1.78,26.56,11.0,1987-09-30
71.67,28.06,34.89,23.75,51.6,0.5,0.47,35.6,2.31,26.14,11.9,1987-10-19
63.48,29.32,35.84,23.96,4.38,0.47,0.3,54.0,3.06,26.09,,1987-11-08
63.92,28.78,35.8,23.09,4.13,0.46,0.23,53.1,3.97,26.23,8.81,1987-12-16
60.89,28.55,35.55,22.1,3.69,0.46,0.2,56.6,4.38,26.34,8.49,1988-01-24
60.05,28.59,36.82,22.76,0.33,0.46,0.17,55.8,4.8,26.4,7.05,1988-02-29
57.25,28.96,37.24,21.66,0.13,0.46,0.14,58.2,4.22,27.06,4.65,1988-03-29
56.81,30.1,37.71,23.2,2.14,0.46,0.14,63.0,2.49,26.93,3.21,1988-04-28
65.58,29.53,38.15,24.64,68.89,0.47,0.3,81.8,2.52,25.68,3.92,1988-05-01
75.37,27.2,34.27,23.1,38.37,0.52,0.49,259.8,1.85,24.44,11.8,1988-06-01
70.84,27.54,35.22,23.1,48.42,0.51,0.46,70.6,2.36,23.74,13.9,1988-07-23
80.89,26.24,33.17,22.98,99.97,0.53,0.5,265.4,2.18,23.64,15.8,1988-08-01
86.09,25.48,30.48,22.88,208.79,0.66,0.69,240.7,2.24,23.81,63.3,1988-09-30
82.54,26.17,31.2,22.5,98.11,0.66,0.67,61.1,1.99,23.43,37.9,1988-10-21
75.79,26.91,32.78,21.41,16.59,0.58,0.55,30.6,2.17,23.44,21.5,1988-11-26
66.89,27.27,33.88,22.68,1.93,0.49,0.39,52.2,4.04,23.62,21.1,1988-12-19
62.1,27.83,34.58,22.31,0.26,0.46,0.23,55.8,4.81,24.22,17.9,1989-01-31
58.84,27.11,36.86,20.29,0.11,0.46,0.17,53.7,5.06,25.44,11.6,1989-02-28
55.35,28.15,36.85,20.91,0.44,0.46,0.14,57.7,3.12,26.19,7.68,1989-03-31
56.27,29.61,37.45,22.54,0.18,0.45,0.13,62.8,3.84,26.72,5.9,1989-04-30
62.19,29.45,37.39,24.04,10.98,0.46,0.22,69.4,2.66,26.42,5.69,1989-05-05
69.64,28.42,35.74,23.72,59.79,0.47,0.42,72.8,2.31,26.3,7.05,1989-06-02
68.53,28.06,35.06,22.98,42.7,0.48,0.41,63.5,2.89,25.35,8.2,1989-07-05
71.15,27.9,35.11,23.22,85.61,0.5,0.47,109.6,1.66,24.72,10.3,1989-08-07
82.38,26.23,33.39,22.91,170.0,0.6,0.61,246.9,2.46,24.6,11.6,1989-09-03
77.26,26.97,33.24,22.25,71.38,0.61,0.6,50.9,2.09,24.58,15.6,1989-10-31
73.88,27.5,33.98,22.9,37.82,0.55,0.52,49.9,2.42,24.51,14.2,1989-11-30
67.22,27.01,34.04,20.42,19.4,0.49,0.39,49.2,3.37,24.85,9.69,1989-12-27
63.21,28.03,35.16,22.64,0.87,0.46,0.24,55.3,4.94,25.37,8.49,1990-01-05
59.7,28.05,35.49,21.5,13.94,0.46,0.23,59.0,4.15,26.42,5.95,1990-02-26
58.35,28.85,38.02,20.34,0.52,0.46,0.21,59.1,4.48,26.92,4.16,1990-03-24
56.05,30.26,37.77,23.16,8.52,0.46,0.18,60.8,3.4,27.49,3.22,1990-04-27
65.34,29.5,37.57,23.97,90.26,0.48,0.34,69.6,2.78,27.41,2.99,1990-05-18
73.22,28.25,34.8,23.32,153.05,0.57,0.57,65.1,2.55,26.58,5.69,1990-06-07
73.13,27.53,34.66,22.8,87.5,0.62,0.6,68.2,2.13,25.81,6.22,1990-07-02
70.02,28.28,35.74,23.85,66.59,0.56,0.54,68.7,2.41,25.23,8.79,1990-08-08
73.55,27.48,35.51,23.2,148.64,0.58,0.56,55.3,2.04,25.02,8.49,1990-09-13
79.6,26.55,32.49,22.55,55.65,0.63,0.61,264.2,2.32,24.84,11.1,1990-10-02
75.49,27.3,33.89,21.48,43.52,0.58,0.57,45.3,2.5,24.9,14.9,1990-11-29
67.55,27.62,34.64,22.23,15.1,0.5,0.41,55.0,3.78,25.15,11.6,1990-12-31
63.51,27.86,35.32,21.36,19.03,0.47,0.31,60.5,4.0,25.79,7.62,1991-01-31
59.98,28.11,36.78,21.51,0.73,0.46,0.22,56.1,5.07,26.41,5.95,1991-02-28
56.38,29.39,37.62,21.92,0.66,0.46,0.15,52.1,3.56,27.04,3.92,1991-03-27
57.65,30.16,37.72,23.2,11.23,0.46,0.16,61.5,3.1,27.53,2.56,1991-04-12
72.1,28.42,36.63,23.88,126.34,0.51,0.46,73.5,3.01,27.49,2.55,1991-05-09
75.58,27.91,35.17,23.94,153.54,0.6,0.6,64.7,2.14,27.3,5.16,1991-06-12
73.37,27.68,34.01,23.8,60.39,0.6,0.59,60.3,3.28,26.64,9.39,1991-07-31
70.83,27.9,34.85,22.28,25.37,0.52,0.49,61.4,2.89,25.63,9.87,1991-08-29
73.18,27.71,35.31,23.62,157.86,0.54,0.52,48.9,2.19,25.26,9.69,1991-09-08
80.71,26.3,32.48,22.73,82.91,0.61,0.61,354.8,1.77,25.59,15.2,1991-10-31
70.55,27.51,34.27,22.11,6.32,0.53,0.5,53.9,3.15,26.05,10.8,1991-11-24
64.64,27.69,34.25,21.13,6.46,0.47,0.33,56.5,4.52,26.48,10.9,1991-12-08
61.09,28.0,34.95,21.77,0.06,0.46,0.2,57.9,4.29,27.03,7.35,1992-01-31
60.5,28.41,36.5,21.53,5.51,0.46,0.22,56.4,3.96,27.67,5.42,1992-02-29
55.71,29.34,38.04,22.2,0.53,0.46,0.16,60.1,4.29,28.26,4.8,1992-03-31
57.23,30.18,38.15,23.75,6.32,0.46,0.16,51.3,3.83,28.75,4.64,1992-04-29
68.22,28.94,37.03,23.91,191.27,0.52,0.48,54.2,2.93,28.44,3.62,1992-05-13
79.08,27.71,33.88,23.73,102.61,0.64,0.64,24.9,1.84,27.17,5.48,1992-06-01
79.2,26.78,32.68,23.22,102.41,0.64,0.64,66.9,2.5,25.75,7.25,1992-07-08
76.21,27.1,33.64,22.99,128.25,0.63,0.63,64.2,2.48,25.03,10.4,1992-08-03
81.18,26.44,34.25,22.97,151.71,0.64,0.65,234.7,2.23,24.83,12.0,1992-09-14
80.82,26.51,33.16,22.32,90.48,0.65,0.65,61.4,2.37,24.64,,1992-10-29
75.12,27.14,33.35,21.67,50.34,0.59,0.58,55.7,2.18,24.64,9.14,1992-11-19
66.66,27.6,33.95,22.12,1.81,0.51,0.43,55.5,3.69,24.87,8.67,1992-12-01
62.06,28.01,35.09,22.24,1.52,0.46,0.27,53.2,3.78,25.55,8.45,1993-01-31
57.69,28.41,36.12,21.94,0.03,0.46,0.17,55.2,4.22,26.8,5.34,1993-02-25
58.1,28.93,37.7,21.23,9.76,0.46,0.22,57.0,3.82,27.61,4.13,1993-03-16
58.57,30.17,37.91,23.56,15.52,0.46,0.25,52.2,2.99,28.42,3.96,1993-04-04
77.87,27.84,36.68,24.83,277.51,0.57,0.56,283.9,2.32,28.33,,1993-05-01
84.2,26.9,32.34,23.97,113.36,0.72,0.73,23.3,2.13,27.06,,1993-06-01
77.44,27.16,34.69,23.4,45.09,0.67,0.65,63.1,2.91,26.05,,1993-07-01
76.06,27.45,34.1,23.5,63.4,0.58,0.57,65.7,2.47,25.36,,1993-08-01
78.36,26.64,34.03,23.07,102.47,0.57,0.57,22.6,2.5,25.22,,1993-09-01
75.88,27.46,34.34,23.65,43.48,0.55,0.54,44.0,2.02,25.11,,1993-10-01
65.42,28.46,34.77,23.27,9.71,0.49,0.38,50.8,3.13,25.09,,1993-11-01
62.18,28.31,35.23,22.48,4.55,0.46,0.28,54.3,4.09,25.31,,1993-12-01
59.27,28.07,36.11,22.03,0.17,0.46,0.18,57.6,4.18,25.86,,1994-01-01
57.35,28.43,36.33,21.99,0.14,0.46,0.16,57.7,4.17,26.33,,1994-02-01
54.89,29.17,37.64,21.51,0.01,0.45,0.13,59.6,3.36,26.85,,1994-03-01
56.22,29.84,37.6,22.4,2.41,0.45,0.13,61.5,3.5,27.2,,1994-04-01
64.28,29.65,38.0,23.96,27.76,0.46,0.26,40.5,2.53,27.15,,1994-05-01
67.43,28.99,36.43,24.92,35.17,0.48,0.39,65.1,2.28,26.56,,1994-06-01
66.11,28.77,36.06,24.09,21.57,0.47,0.35,64.6,3.37,25.53,,1994-07-01
70.51,28.2,36.4,23.46,71.31,0.48,0.43,66.9,2.2,24.86,,1994-08-01
73.52,27.96,35.14,23.15,76.53,0.5,0.48,86.1,2.25,24.85,,1994-09-01
76.71,27.21,34.19,23.7,43.5,0.52,0.5,293.4,1.69,25.5,,1994-10-01
74.41,27.36,33.95,23.58,53.58,0.51,0.49,36.7,2.92,25.99,,1994-11-01
62.3,28.35,34.87,21.17,3.29,0.47,0.31,57.0,4.1,26.05,,1994-12-01
60.36,28.09,35.85,21.49,0.03,0.46,0.19,56.1,4.37,26.43,,1995-01-01
57.74,28.56,36.51,21.78,0.08,0.46,0.16,57.9,4.39,26.85,,1995-02-01
56.69,29.66,37.63,22.98,2.05,0.46,0.15,57.1,2.93,27.18,,1995-03-01
60.26,30.13,38.35,24.04,10.46,0.46,0.18,55.6,2.47,27.18,,1995-04-01
72.93,28.4,34.99,23.95,119.28,0.53,0.52,69.8,1.86,26.53,,1995-05-01
81.51,27.18,33.82,23.92,111.64,0.57,0.57,265.4,2.33,26.07,,1995-06-01
78.58,27.09,33.51,23.31,90.54,0.58,0.58,78.4,1.98,25.36,,1995-07-01
85.92,26.11,32.41,23.65,147.17,0.61,0.63,255.4,2.2,24.21,,1995-08-01
86.6,26.0,31.15,23.69,194.97,0.69,0.74,261.1,2.3,23.86,,1995-09-01
88.93,25.61,29.59,23.33,236.36,0.83,0.86,263.0,2.4,23.98,,1995-10-01
82.99,26.27,31.47,22.36,14.57,0.72,0.73,58.7,2.31,24.04,,1995-11-01
72.92,26.88,33.21,21.16,6.78,0.55,0.51,55.3,2.65,24.25,,1995-12-01
63.67,27.16,34.51,20.87,4.88,0.48,0.36,51.9,3.96,24.85,,1996-01-01
59.47,28.21,36.54,21.19,1.0,0.46,0.2,55.5,4.29,25.73,,1996-02-01
55.37,29.12,37.44,21.46,0.81,0.46,0.16,50.6,3.68,26.67,,1996-03-01
56.43,29.94,37.68,22.99,9.55,0.46,0.22,68.3,2.93,26.75,,1996-04-01
73.22,28.1,37.79,23.57,90.3,0.48,0.43,57.3,2.71,26.51,,1996-05-01
75.93,27.77,34.19,23.55,88.74,0.52,0.5,41.2,2.14,25.86,,1996-06-01
76.49,27.19,33.68,23.22,59.39,0.56,0.55,67.7,2.2,25.17,,1996-07-01
73.12,27.52,35.06,22.11,58.53,0.51,0.48,87.6,1.96,24.69,,1996-08-01
77.74,27.27,34.28,23.53,49.25,0.52,0.49,247.8,1.87,24.41,,1996-09-01
80.77,26.57,33.83,23.16,112.94,0.56,0.56,261.5,2.72,24.39,,1996-10-01
75.85,26.81,33.79,22.59,74.77,0.55,0.54,42.9,2.94,24.45,,1996-11-01
65.9,27.39,34.14,21.62,3.32,0.49,0.4,53.7,4.27,24.22,,1996-12-01
62.58,27.6,34.77,21.12,17.94,0.46,0.28,60.1,3.08,24.77,,1997-01-01
62.19,28.24,36.56,21.55,1.04,0.46,0.26,56.4,4.95,25.73,,1997-02-01
56.06,28.92,38.11,22.14,0.35,0.46,0.17,61.7,4.27,26.86,,1997-03-01
57.39,29.75,38.04,22.23,7.69,0.46,0.17,60.4,2.91,27.47,,1997-04-01
61.91,29.54,37.82,23.64,14.5,0.46,0.27,62.8,3.8,27.9,,1997-05-01
77.01,27.69,33.59,23.56,154.47,0.54,0.54,68.6,2.6,28.13,,1997-06-01
69.99,29.02,35.44,24.61,58.25,0.57,0.53,60.9,3.58,27.9,,1997-07-01
70.55,28.84,36.64,24.26,89.74,0.55,0.53,58.6,3.21,27.71,,1997-08-01
77.01,27.86,36.22,24.45,107.41,0.55,0.55,133.9,2.13,27.74,,1997-09-01
81.94,27.0,34.32,24.06,160.84,0.64,0.66,23.8,2.43,28.06,,1997-10-01
80.52,27.01,32.77,23.3,77.09,0.61,0.61,52.9,2.47,28.37,,1997-11-01
68.55,27.38,35.42,21.2,2.17,0.54,0.49,56.4,3.95,28.53,,1997-12-01
60.74,28.66,36.81,22.17,0.0,0.47,0.28,56.8,4.28,28.74,,1998-01-01
59.64,29.74,38.37,22.17,1.49,0.46,0.18,33.4,2.89,28.9,,1998-02-01
55.85,30.52,38.62,23.22,0.5,0.46,0.15,49.4,4.04,29.12,,1998-03-01
54.82,31.01,38.94,23.95,2.76,0.46,0.15,53.6,3.71,29.22,,1998-04-01
64.29,30.08,38.33,25.17,24.69,0.46,0.27,46.2,3.0,28.64,,1998-05-01
73.09,28.8,35.82,24.42,95.92,0.5,0.46,68.9,2.49,26.99,,1998-06-01
76.02,27.96,34.91,24.32,132.75,0.55,0.55,61.9,2.5,25.42,,1998-07-01
81.73,27.09,31.94,24.0,145.6,0.64,0.66,62.9,2.03,24.45,,1998-08-01
87.01,26.22,30.96,24.01,154.8,0.69,0.73,246.4,2.35,23.95,,1998-09-01
89.62,25.88,30.39,23.75,246.99,0.74,0.78,233.7,2.83,23.99,,1998-10-01
85.85,25.83,30.61,22.16,63.86,0.76,0.78,41.7,2.62,24.24,,1998-11-01
77.4,26.51,32.26,22.46,37.08,0.6,0.59,48.1,3.5,24.13,,1998-12-01
68.45,27.12,33.78,20.99,12.99,0.5,0.43,56.7,3.85,24.41,,1999-01-01
64.08,27.44,34.95,21.84,11.85,0.47,0.32,55.0,4.34,25.52,,1999-02-01
59.41,28.41,36.9,21.12,1.6,0.46,0.21,58.5,4.52,26.68,,1999-03-01
61.65,28.87,37.15,21.53,31.98,0.46,0.25,61.3,3.34,26.71,,1999-04-01
74.24,27.83,35.01,23.09,80.93,0.5,0.49,68.4,1.92,26.45,,1999-05-01
78.68,27.11,33.98,22.96,164.3,0.56,0.56,46.9,1.87,25.72,,1999-06-01
77.88,27.16,32.79,23.08,93.21,0.63,0.62,60.2,2.53,25.05,,1999-07-01
82.9,26.3,32.01,23.28,208.07,0.67,0.7,83.0,2.22,24.28,,1999-08-01
88.18,25.23,30.66,22.64,253.99,0.72,0.76,257.2,2.54,23.79,,1999-09-01
90.14,24.73,28.62,22.39,153.89,0.83,0.86,273.4,2.45,23.6,,1999-10-01
82.76,25.12,30.02,19.57,28.1,0.72,0.74,17.0,2.79,23.6,,1999-11-01
73.09,25.78,32.17,19.74,19.67,0.55,0.51,46.0,4.15,23.68,,1999-12-01
66.95,26.4,34.41,20.85,1.31,0.48,0.37,51.1,4.81,24.0,,2000-01-01
63.2,27.08,35.3,21.9,2.17,0.46,0.22,54.3,4.96,25.27,,2000-02-01
57.91,28.53,36.89,22.26,0.09,0.46,0.16,61.9,3.59,26.7,,2000-03-01
58.98,29.26,37.0,22.57,10.12,0.46,0.21,63.6,3.79,27.41,,2000-04-01
71.93,28.41,37.76,23.67,107.46,0.51,0.46,72.5,2.06,26.88,,2000-05-01
79.06,27.21,34.58,22.83,123.65,0.58,0.57,67.9,2.56,26.03,,2000-06-01
75.05,27.45,34.13,23.22,66.42,0.56,0.53,62.3,2.81,25.18,,2000-07-01
76.07,27.61,34.53,23.41,132.88,0.55,0.55,63.3,2.39,24.64,,2000-08-01
86.25,25.92,32.82,23.23,292.29,0.7,0.74,258.3,2.09,24.59,,2000-09-01
84.35,26.19,30.81,22.66,78.29,0.76,0.79,45.9,2.78,24.48,,2000-10-01
77.92,26.75,33.71,22.32,54.02,0.62,0.61,55.3,2.65,24.4,,2000-11-01
68.95,27.28,33.77,22.08,6.65,0.5,0.44,49.2,3.96,24.57,,2000-12-01
64.0,27.05,35.17,21.0,9.23,0.46,0.32,54.7,4.46,25.24,,2001-01-01
60.48,27.71,35.99,22.47,0.25,0.46,0.21,59.4,5.4,26.12,,2001-02-01
56.58,28.82,37.77,21.84,0.64,0.46,0.16,56.8,3.27,27.2,,2001-03-01
58.23,29.6,37.17,23.72,1.02,0.46,0.15,61.9,4.64,27.46,,2001-04-01
67.81,29.28,38.19,24.38,182.05,0.51,0.37,83.0,2.35,27.11,,2001-05-01
78.36,27.36,33.3,22.61,104.38,0.67,0.68,62.7,2.81,26.34,,2001-06-01
72.39,28.14,34.85,23.44,72.08,0.58,0.57,66.7,2.5,25.53,,2001-07-01
77.93,27.89,35.05,24.51,182.9,0.61,0.62,60.5,2.57,24.9,,2001-08-01
84.16,26.37,32.53,23.33,256.03,0.7,0.73,229.3,1.87,24.31,,2001-09-01
86.19,26.31,31.5,23.38,186.06,0.74,0.77,323.5,2.18,24.55,,2001-10-01
85.02,25.63,30.77,22.18,108.31,0.76,0.79,38.5,3.07,24.42,,2001-11-01
73.23,27.29,33.93,20.62,4.88,0.56,0.52,49.7,3.2,24.61,,2001-12-01
64.84,27.87,35.49,21.46,1.81,0.47,0.35,54.1,4.52,25.17,,2002-01-01
62.07,28.05,36.56,22.45,2.35,0.46,0.22,56.6,4.93,26.16,,2002-02-01
57.7,29.16,37.98,22.91,0.25,0.46,0.17,59.2,4.82,27.35,,2002-03-01
56.43,29.85,37.71,23.14,0.35,0.46,0.14,63.6,4.37,27.58,,2002-04-01
72.01,28.53,37.72,24.18,221.15,0.51,0.38,60.3,3.93,27.51,,2002-05-01
83.4,27.12,33.14,23.54,76.06,0.68,0.71,26.4,2.22,27.19,,2002-06-01
79.9,27.47,33.27,23.51,161.08,0.66,0.66,57.7,2.56,26.19,,2002-07-01
76.8,27.77,34.3,23.64,189.85,0.64,0.64,58.9,2.91,25.63,,2002-08-01
87.39,26.38,30.68,23.47,293.1,0.8,0.85,266.9,1.95,25.76,,2002-09-01
87.76,26.11,30.76,23.28,233.68,0.87,0.89,62.5,2.1,25.97,,2002-10-01
84.99,25.96,30.53,21.32,77.63,0.83,0.85,47.6,3.29,26.4,,2002-11-01
75.69,26.7,33.29,21.76,3.7,0.6,0.57,55.9,3.85,26.44,,2002-12-01
67.97,27.18,34.2,21.68,5.63,0.48,0.4,51.3,5.37,26.23,,2003-01-01
61.99,28.37,36.63,21.95,0.24,0.46,0.23,55.7,4.22,26.84,,2003-02-01
59.06,29.48,37.87,22.9,13.57,0.46,0.24,59.7,3.22,27.39,,2003-03-01
58.28,30.21,37.97,23.53,17.97,0.46,0.22,52.0,3.18,27.14,,2003-04-01
75.15,28.49,34.9,24.69,222.33,0.56,0.56,62.9,2.31,26.29,,2003-05-01
84.92,26.7,31.84,23.76,150.43,0.71,0.74,241.0,1.97,26.03,,2003-06-01
78.43,27.52,33.83,23.86,91.92,0.67,0.66,63.0,2.34,25.92,,2003-07-01
75.63,27.85,34.29,24.0,82.62,0.62,0.6,67.5,2.17,25.38,,2003-08-01
77.55,27.72,33.96,23.88,89.16,0.59,0.59,272.7,1.69,25.05,,2003-09-01
81.04,27.15,33.43,24.13,139.91,0.62,0.62,290.2,2.0,25.38,,2003-10-01
81.78,26.65,31.99,23.29,94.79,0.66,0.66,41.6,2.33,25.75,,2003-11-01
72.54,27.02,33.32,22.4,40.51,0.58,0.56,46.5,4.15,26.0,,2003-12-01
64.62,27.67,35.31,21.71,0.97,0.49,0.38,51.4,4.11,26.08,,2004-01-01
60.52,28.56,36.28,22.29,0.16,0.46,0.21,55.1,4.28,26.7,,2004-02-01
59.34,28.98,37.61,23.3,1.88,0.46,0.17,58.3,5.28,27.34,,2004-03-01
57.79,30.21,39.01,23.79,3.95,0.46,0.17,54.8,3.25,27.52,,2004-04-01
69.81,29.06,37.48,24.14,136.73,0.51,0.39,69.0,3.04,26.8,,2004-05-01
75.22,28.08,35.48,23.51,81.21,0.6,0.59,61.5,2.4,26.35,,2004-06-01
74.43,27.81,34.9,23.35,97.95,0.57,0.57,71.0,2.08,25.78,,2004-07-01
75.17,28.18,34.68,23.32,120.48,0.58,0.58,61.1,2.25,25.36,,2004-08-01
84.61,26.59,34.0,23.49,350.29,0.72,0.77,247.2,1.82,25.35,,2004-09-01
87.14,26.3,30.69,23.35,153.33,0.81,0.85,316.6,2.13,25.52,,2004-10-01
84.18,25.85,30.32,20.86,159.31,0.76,0.8,47.2,2.97,25.73,,2004-11-01
74.1,26.59,33.63,21.49,14.39,0.6,0.58,50.2,4.27,25.91,,2004-12-01
65.43,27.17,35.15,20.74,1.67,0.48,0.38,51.7,5.18,25.98,,2005-01-01
60.47,27.65,37.51,21.4,0.33,0.46,0.22,56.2,4.81,26.31,,2005-02-01
60.37,29.86,37.52,23.11,17.5,0.46,0.27,73.2,2.25,27.14,,2005-03-01
60.13,30.37,38.33,24.39,17.76,0.46,0.25,56.9,3.31,27.53,,2005-04-01
74.52,28.72,37.45,24.76,251.67,0.58,0.56,6.7,2.32,27.41,,2005-05-01
88.09,26.7,30.68,24.39,379.58,0.81,0.86,251.0,1.81,26.68,,2005-06-01
85.13,27.03,31.43,23.6,154.09,0.86,0.88,61.7,2.01,25.91,,2005-07-01
86.05,26.72,31.19,23.63,248.44,0.8,0.84,53.6,1.97,25.3,,2005-08-01
87.58,26.4,31.42,23.78,583.15,0.88,0.91,28.0,2.43,24.82,,2005-09-01
90.84,25.03,28.06,22.15,484.9,0.98,0.97,253.9,2.96,24.64,,2005-10-01
86.93,25.47,29.9,21.04,66.33,0.87,0.88,35.7,2.49,23.97,,2005-11-01
81.8,25.67,31.72,20.6,3.08,0.66,0.66,52.5,2.85,24.0,,2005-12-01
72.79,26.67,33.37,21.07,4.46,0.52,0.47,53.6,4.22,24.85,,2006-01-01
65.84,27.14,35.03,21.18,8.13,0.47,0.33,56.7,4.85,26.06,,2006-02-01
60.17,28.6,37.06,22.19,0.59,0.46,0.19,59.6,4.61,26.65,,2006-03-01
57.27,29.91,37.91,23.15,2.04,0.46,0.16,61.0,3.11,27.16,,2006-04-01
69.8,28.97,37.63,24.03,140.75,0.52,0.46,61.0,2.06,27.17,,2006-05-01
83.34,27.05,33.11,23.46,271.35,0.69,0.73,32.4,2.45,26.61,,2006-06-01
84.6,26.92,31.93,22.87,286.68,0.76,0.8,57.1,2.19,25.82,,2006-07-01
82.18,27.21,31.98,23.5,104.35,0.73,0.75,59.0,2.09,25.51,,2006-08-01
80.5,27.3,33.39,23.61,141.8,0.7,0.71,48.5,1.76,25.73,,2006-09-01
82.46,27.21,32.97,23.76,245.06,0.71,0.73,0.4,2.28,25.86,,2006-10-01
83.39,25.93,30.87,19.53,105.46,0.74,0.77,48.6,2.54,26.1,,2006-11-01
74.86,27.15,33.79,22.4,20.53,0.59,0.57,50.4,3.41,26.37,,2006-12-01
65.01,27.78,35.47,22.78,0.4,0.48,0.38,55.0,5.13,26.53,,2007-01-01
59.28,28.58,37.72,21.84,0.75,0.46,0.21,58.8,3.86,26.49,,2007-02-01
57.89,29.53,37.87,23.24,1.23,0.46,0.16,59.7,4.1,26.8,,2007-03-01
65.03,29.44,37.29,23.47,54.51,0.48,0.39,65.2,2.55,26.95,,2007-04-01
78.03,27.9,35.45,24.02,295.15,0.58,0.61,290.4,1.9,26.37,,2007-05-01
84.42,26.8,31.76,23.99,150.12,0.75,0.79,30.5,1.89,25.9,,2007-06-01
82.88,26.85,31.98,22.7,295.56,0.74,0.78,58.5,2.03,24.85,,2007-07-01
86.99,26.32,30.57,23.49,361.74,0.84,0.88,310.9,1.84,23.94,,2007-08-01
87.03,26.22,30.35,23.02,551.85,0.96,0.96,22.6,1.7,23.63,,2007-09-01
89.57,25.43,29.2,23.09,621.0,0.97,0.97,258.5,2.37,23.55,,2007-10-01
87.31,25.4,29.95,21.42,48.73,0.88,0.89,37.5,2.74,23.48,,2007-11-01
81.93,25.5,30.8,21.0,21.04,0.67,0.68,46.7,3.29,23.57,,2007-12-01
71.27,26.35,33.27,20.51,2.5,0.52,0.47,53.9,4.31,24.19,,2008-01-01
65.2,27.3,34.94,20.53,5.83,0.46,0.31,59.2,3.84,25.16,,2008-02-01
58.34,28.81,36.89,21.94,1.17,0.46,0.2,59.3,3.85,26.45,,2008-03-01
61.99,29.0,36.79,23.02,50.7,0.48,0.39,63.1,3.18,27.12,,2008-04-01
70.66,28.35,37.7,23.63,193.17,0.51,0.47,134.8,2.26,27.0,,2008-05-01
85.34,26.72,31.03,23.5,393.1,0.81,0.86,50.2,2.09,26.46,,2008-06-01
86.29,26.05,30.26,23.2,348.06,0.9,0.91,52.3,2.05,26.08,,2008-07-01
86.97,26.07,30.47,23.51,536.82,0.91,0.93,7.5,2.19,25.62,,2008-08-01
88.12,26.11,30.48,23.57,608.57,0.97,0.96,258.9,2.01,25.2,,2008-09-01
89.43,25.59,30.1,22.6,406.63,0.97,0.96,301.3,2.39,25.07,,2008-10-01
85.9,25.29,29.89,20.89,169.55,0.88,0.89,32.9,3.25,24.98,,2008-11-01
83.12,25.14,30.4,20.05,6.96,0.71,0.72,45.5,3.92,24.66,,2008-12-01
73.34,26.07,33.07,21.4,1.96,0.53,0.49,51.0,4.55,25.15,,2009-01-01
64.51,27.09,34.89,20.6,4.12,0.47,0.33,53.2,5.3,25.84,,2009-02-01
60.25,27.77,36.92,21.03,6.66,0.46,0.24,55.4,4.64,26.49,,2009-03-01
57.93,29.57,37.18,22.82,0.82,0.46,0.16,60.6,3.58,27.41,,2009-04-01
69.69,28.96,36.83,24.8,223.07,0.5,0.47,70.6,2.0,27.54,,2009-05-01
83.27,27.03,32.74,23.48,249.15,0.74,0.78,49.1,1.7,27.18,,2009-06-01
81.22,27.4,33.3,24.07,118.6,0.71,0.72,55.9,2.76,26.49,,2009-07-01
75.7,28.12,34.2,23.11,85.21,0.63,0.62,60.1,2.34,25.92,,2009-08-01
75.19,28.45,35.43,24.28,124.74,0.62,0.61,56.4,1.91,25.69,,2009-09-01
83.08,27.04,33.68,23.58,234.32,0.69,0.71,51.0,1.88,25.76,,2009-10-01
79.77,26.69,33.04,22.45,59.59,0.69,0.68,38.9,2.92,26.18,,2009-11-01
67.99,28.25,35.35,22.7,9.08,0.53,0.47,51.4,3.46,26.55,,2009-12-01
63.09,28.02,35.95,20.1,1.2,0.47,0.29,50.4,4.6,26.73,,2010-01-01
61.59,29.35,37.31,22.65,2.93,0.46,0.19,55.5,3.78,27.28,,2010-02-01
58.41,29.77,38.15,21.83,1.16,0.46,0.18,54.2,3.78,27.76,,2010-03-01
62.79,30.42,39.16,24.47,126.94,0.47,0.27,64.0,2.5,27.85,,2010-04-01
77.02,28.42,36.09,23.94,254.43,0.62,0.63,50.7,2.79,27.08,,2010-05-01
85.96,26.78,30.98,23.08,316.99,0.79,0.83,337.3,1.82,25.91,,2010-06-01
86.93,26.4,31.18,23.34,424.02,0.9,0.92,316.5,1.76,24.79,,2010-07-01
86.64,26.24,30.51,23.55,414.95,0.95,0.95,284.6,1.71,23.97,,2010-08-01
89.26,25.71,29.76,23.33,321.23,0.96,0.95,245.1,2.13,23.61,,2010-09-01
85.67,25.96,30.32,22.88,105.99,0.88,0.89,26.3,2.07,23.5,,2010-10-01
86.04,24.97,29.67,19.91,127.04,0.83,0.85,34.6,2.58,23.59,,2010-11-01
78.14,24.42,31.27,19.56,8.59,0.63,0.62,42.8,3.97,23.73,,2010-12-01
70.76,26.72,33.98,20.63,3.6,0.5,0.44,53.1,3.66,24.4,,2011-01-01
64.73,27.98,35.67,21.63,6.37,0.46,0.25,56.0,4.25,25.63,,2011-02-01
58.71,28.7,37.88,20.7,2.04,0.46,0.23,59.5,3.74,26.47,,2011-03-01
57.49,29.74,37.13,21.9,16.87,0.46,0.23,64.2,2.53,27.25,,2011-04-01
71.56,28.81,37.32,23.84,172.57,0.51,0.43,35.7,2.38,26.96,,2011-05-01
82.82,27.08,33.63,24.05,321.21,0.73,0.76,295.0,1.68,26.5,,2011-06-01
86.72,26.34,30.98,22.75,283.8,0.83,0.87,345.6,1.81,25.61,,2011-07-01
84.58,26.85,31.08,23.48,294.82,0.86,0.89,28.1,1.43,24.73,,2011-08-01
85.1,26.6,30.63,23.88,235.66,0.87,0.9,319.9,1.44,24.29,,2011-09-01
88.48,25.28,30.21,22.07,576.96,0.94,0.95,280.5,2.42,23.92,,2011-10-01
85.77,25.46,29.87,21.22,54.51,0.85,0.87,39.3,2.63,23.98,,2011-11-01
82.03,25.35,31.21,20.59,20.0,0.64,0.64,45.6,3.73,24.31,,2011-12-01
71.9,26.32,33.01,20.04,4.55,0.51,0.47,52.8,4.36,25.09,,2012-01-01
64.88,27.52,35.65,21.67,0.57,0.46,0.27,58.9,4.19,26.22,,2012-02-01
59.75,28.57,37.89,21.97,1.51,0.46,0.19,58.9,4.63,27.02,,2012-03-01
62.33,29.43,37.28,23.29,39.75,0.47,0.35,60.3,2.25,27.56,,2012-04-01
71.17,28.93,36.69,24.55,160.99,0.52,0.5,55.1,1.81,27.34,,2012-05-01
82.14,27.35,32.74,23.37,240.62,0.7,0.73,358.2,1.79,27.05,,2012-06-01
78.43,27.61,33.79,23.31,58.46,0.67,0.66,60.4,2.82,26.37,,2012-07-01
78.52,27.74,34.84,24.13,239.1,0.65,0.66,77.3,1.7,25.64,,2012-08-01
82.4,26.94,31.7,23.71,244.4,0.74,0.77,59.6,1.69,25.24,,2012-09-01
85.71,26.17,30.87,22.65,228.65,0.78,0.82,346.8,2.18,25.0,,2012-10-01
78.76,26.3,31.25,21.23,12.77,0.67,0.67,42.9,3.7,25.08,,2012-11-01
70.53,27.74,34.36,22.68,5.53,0.51,0.46,52.5,3.57,24.8,,2012-12-01
64.6,28.21,35.99,22.72,0.4,0.46,0.28,57.5,4.55,25.0,,2013-01-01
60.04,28.59,36.87,22.07,1.42,0.46,0.18,60.1,3.64,25.84,,2013-02-01
60.09,28.83,37.14,21.8,1.15,0.46,0.16,51.2,4.09,27.08,,2013-03-01
59.17,30.14,37.57,23.11,14.5,0.46,0.24,72.1,2.68,27.22,,2013-04-01
73.24,28.29,35.27,22.02,308.45,0.57,0.58,51.8,2.19,26.43,,2013-05-01
85.98,26.92,31.52,23.78,294.2,0.8,0.84,37.6,1.89,25.73,,2013-06-01
86.0,26.65,31.13,23.61,175.68,0.83,0.86,61.4,1.88,25.1,,2013-07-01
84.54,26.59,31.35,23.01,244.44,0.79,0.83,64.5,1.69,24.47,,2013-08-01
87.54,26.24,30.17,22.65,388.12,0.89,0.91,276.1,1.76,24.58,,2013-09-01
86.5,26.34,30.14,23.32,391.26,0.97,0.96,40.8,1.46,24.79,,2013-10-01
86.47,26.07,30.33,22.87,118.51,0.9,0.9,37.5,2.22,24.9,,2013-11-01
82.48,25.98,31.44,20.65,5.57,0.69,0.7,52.0,3.22,25.09,,2013-12-01
71.43,26.8,33.31,21.97,0.93,0.52,0.47,51.3,4.43,25.23,,2014-01-01
62.74,27.99,36.16,21.1,0.52,0.46,0.27,58.7,4.09,25.62,,2014-02-01
57.47,29.41,36.93,22.81,1.05,0.46,0.17,61.3,3.42,26.89,,2014-03-01
59.54,30.0,38.1,23.38,16.53,0.46,0.2,63.1,3.3,27.64,,2014-04-01
69.64,29.17,36.3,23.91,164.58,0.52,0.52,65.0,2.17,27.64,,2014-05-01
78.47,28.15,33.36,24.66,136.46,0.63,0.64,58.5,2.38,27.15,,2014-06-01
71.44,28.77,34.48,24.21,16.97,0.55,0.52,57.8,3.69,26.12,,2014-07-01
71.1,28.47,35.49,23.79,145.61,0.52,0.48,66.3,2.15,25.3,,2014-08-01
83.68,26.81,32.79,23.66,501.3,0.8,0.85,44.4,1.58,25.27,,2014-09-01
87.5,26.19,30.39,23.34,470.94,0.95,0.95,38.8,1.73,25.56,,2014-10-01
85.96,25.99,30.09,22.62,199.85,0.91,0.91,43.4,2.72,25.88,,2014-11-01
83.62,25.44,30.7,21.13,6.48,0.75,0.77,43.5,3.76,25.91,,2014-12-01
73.37,26.49,33.19,21.38,7.56,0.55,0.5,51.7,5.02,26.01,,2015-01-01
65.49,27.59,36.05,22.16,5.21,0.47,0.35,54.2,4.42,26.46,,2015-02-01
59.49,28.77,37.14,22.6,3.89,0.46,0.2,58.7,4.31,27.3,,2015-03-01
59.59,30.06,37.39,23.71,7.73,0.46,0.19,60.5,3.64,28.21,,2015-04-01
64.92,29.75,37.79,23.83,38.07,0.46,0.35,62.1,3.15,28.2,,2015-05-01
75.96,28.51,34.32,24.58,116.57,0.54,0.54,53.0,2.85,28.07,,2015-06-01
73.35,28.45,35.06,24.4,54.03,0.51,0.48,59.2,3.16,27.66,,2015-07-01
70.34,29.18,37.33,24.33,95.52,0.49,0.47,66.0,2.6,27.21,,2015-08-01
79.35,28.1,33.9,24.4,208.55,0.6,0.63,71.7,1.63,27.4,,2015-09-01
84.19,27.38,32.02,24.04,214.98,0.71,0.77,211.2,1.53,27.6,,2015-10-01
85.1,26.75,30.82,22.47,151.6,0.78,0.82,50.4,2.19,27.95,,2015-11-01
77.98,27.74,34.28,22.66,15.48,0.62,0.61,55.6,3.22,28.07,,2015-12-01
65.67,28.21,35.51,21.57,2.72,0.49,0.41,57.6,3.68,28.25,,2016-01-01
61.93,28.57,37.0,22.38,4.2,0.46,0.23,53.8,5.04,28.38,,2016-02-01
57.26,30.44,38.36,23.66,3.88,0.46,0.17,65.6,3.06,28.74,,2016-03-01
62.77,30.18,37.82,24.15,48.92,0.46,0.37,67.6,2.74,28.2,,2016-04-01
72.31,29.5,36.86,24.4,126.93,0.49,0.49,89.0,1.93,27.23,,2016-05-01
85.16,27.11,31.39,23.15,349.32,0.77,0.83,42.2,1.7,26.48,,2016-06-01
84.36,27.05,31.41,23.36,135.17,0.78,0.82,62.8,2.11,25.19,,2016-07-01
84.52,27.19,32.1,23.73,200.53,0.73,0.78,65.6,1.71,24.59,,2016-08-01
85.07,26.87,31.55,23.53,248.34,0.84,0.87,44.6,1.52,24.64,,2016-09-01
87.31,26.33,31.24,23.59,362.74,0.91,0.92,324.7,1.54,24.42,,2016-10-01
86.91,25.83,30.21,21.09,219.84,0.92,0.92,13.5,2.06,24.48,,2016-11-01
86.73,25.59,29.76,21.68,85.7,0.85,0.87,45.8,2.73,24.76,,2016-12-01
78.12,25.82,32.55,20.77,5.95,0.62,0.6,51.2,3.75,25.58,,2017-01-01
65.8,27.65,35.72,20.8,1.66,0.49,0.41,54.9,3.62,26.83,,2017-02-01
59.57,28.99,37.19,23.12,4.02,0.46,0.21,57.6,4.22,27.55,,2017-03-01
65.91,29.65,37.17,23.7,51.99,0.47,0.37,64.9,2.85,28.03,,2017-04-01
84.16,27.35,32.04,24.5,498.29,0.72,0.79,242.5,1.43,27.55,,2017-05-01
86.7,26.94,30.97,23.86,277.83,0.93,0.93,27.2,1.74,26.68,,2017-06-01
86.7,27.03,31.01,23.47,128.35,0.87,0.89,55.8,1.97,25.84,,2017-07-01
84.8,26.92,31.44,23.89,397.56,0.84,0.88,38.0,1.61,24.87,,2017-08-01
87.17,26.72,30.93,24.15,307.02,0.95,0.95,238.7,1.57,24.18,,2017-09-01
88.13,26.34,30.77,23.47,555.05,0.94,0.94,286.6,1.87,24.26,,2017-10-01
85.2,26.11,30.29,22.05,73.28,0.86,0.87,28.7,2.15,24.02,,2017-11-01
81.89,25.64,31.06,20.52,14.57,0.65,0.65,47.2,3.49,24.0,,2017-12-01
74.52,26.18,32.54,20.82,21.44,0.52,0.48,47.0,4.14,24.48,,2018-01-01
65.37,27.4,34.52,21.35,4.83,0.47,0.32,60.0,4.92,25.5,,2018-02-01
60.16,28.61,37.13,21.3,4.14,0.46,0.2,62.3,4.01,26.27,,2018-03-01
63.02,29.46,36.76,22.55,43.3,0.47,0.35,73.1,2.63,26.96,,2018-04-01
74.45,28.26,37.45,24.02,284.14,0.54,0.53,203.8,1.86,26.92,,2018-05-01
85.08,27.03,31.51,24.11,186.61,0.79,0.83,49.6,1.96,26.63,,2018-06-01
84.33,27.01,31.69,24.13,80.79,0.73,0.77,59.1,2.65,25.92,,2018-07-01
82.43,27.25,31.9,23.61,116.66,0.68,0.72,66.1,2.22,25.06,,2018-08-01
81.62,27.33,32.48,23.42,160.84,0.64,0.67,73.1,1.43,25.25,,2018-09-01
87.09,26.08,30.59,23.2,417.53,0.83,0.88,266.8,2.2,25.73,,2018-10-01
84.14,26.82,31.04,22.37,55.57,0.77,0.8,53.7,2.13,26.0,,2018-11-01
74.1,26.85,33.38,21.78,6.22,0.57,0.54,57.3,3.77,26.14,,2018-12-01
64.67,27.82,35.82,22.02,1.55,0.47,0.35,58.2,4.3,26.26,,2019-01-01
59.62,28.81,37.67,22.47,1.87,0.46,0.19,62.5,3.69,26.99,,2019-02-01
58.65,29.12,37.32,22.55,6.05,0.46,0.18,60.3,4.27,27.84,,2019-03-01
58.3,30.39,37.94,23.97,16.2,0.46,0.25,69.3,2.92,28.13,,2019-04-01
78.61,28.23,37.19,24.49,347.49,0.61,0.63,167.3,1.94,27.75,,2019-05-01
84.88,27.66,32.28,24.45,120.79,0.77,0.81,67.4,2.02,26.82,,2019-06-01
81.8,27.47,33.38,23.32,95.99,0.72,0.75,62.5,2.48,25.7,,2019-07-01
79.11,28.01,33.71,23.87,130.72,0.64,0.65,69.0,1.86,24.79,,2019-08-01
83.08,27.36,33.54,24.09,221.25,0.67,0.71,359.3,2.01,24.63,,2019-09-01
87.63,26.33,30.51,23.44,506.18,0.9,0.92,266.0,1.59,25.14,,2019-10-01
85.54,26.63,30.86,23.12,61.77,0.85,0.87,56.6,2.23,25.43,,2019-11-01
82.28,26.65,32.27,22.58,11.86,0.66,0.66,52.6,3.15,25.47,,2019-12-01
70.72,27.67,35.04,22.49,5.22,0.51,0.46,55.9,3.92,25.88,,2020-01-01
63.33,28.97,36.56,22.85,3.63,0.46,0.26,58.4,4.39,26.51,,2020-02-01
58.25,29.62,37.77,23.03,1.77,0.46,0.17,64.6,3.89,27.41,,2020-03-01
62.51,29.94,38.13,23.23,50.77,0.47,0.35,65.3,2.49,27.86,,2020-04-01
72.92,29.09,37.19,23.84,218.2,0.52,0.51,73.4,2.13,26.92,,2020-05-01
86.36,27.0,31.33,23.58,309.63,0.81,0.86,60.0,2.07,25.93,,2020-06-01
85.0,26.88,31.47,22.94,211.66,0.85,0.87,60.4,1.93,25.22,,2020-07-01
86.55,26.77,31.87,23.32,248.93,0.82,0.86,30.5,2.2,24.5,,2020-08-01
85.56,26.77,30.83,23.84,508.02,0.93,0.93,297.6,1.32,23.91,,2020-09-01
88.09,26.32,30.34,23.73,652.99,0.96,0.96,298.3,1.82,23.88,,2020-10-01
88.96,25.84,30.22,22.78,1289.01,0.96,0.95,274.1,2.29,23.9,,2020-11-01
86.02,25.35,29.96,21.2,39.57,0.81,0.83,46.5,3.04,24.41,,2020-12-01
77.4,26.32,32.95,21.18,2.22,0.59,0.57,54.2,3.55,25.04,,2021-01-01
64.07,28.34,35.71,21.85,0.51,0.48,0.38,57.3,3.72,25.68,,2021-02-01
58.93,29.17,37.07,22.04,7.3,0.46,0.23,62.1,3.97,26.52,,2021-03-01
69.84,28.7,37.36,23.31,143.3,0.53,0.47,73.8,2.7,26.79,,2021-04-01
77.7,27.91,33.97,22.81,175.05,0.63,0.65,73.1,2.36,26.69,,2021-05-01
82.02,27.38,34.81,23.61,483.16,0.73,0.77,103.4,1.55,26.3,,2021-06-01
84.44,27.11,31.75,23.59,202.27,0.84,0.87,60.9,2.18,25.49,,2021-07-01
84.91,26.81,31.56,23.27,597.17,0.87,0.9,75.4,1.51,24.66,,2021-08-01
85.43,26.72,31.16,23.4,496.85,0.95,0.95,94.0,1.46,24.47,,2021-09-01
85.86,26.97,31.07,23.71,188.49,0.93,0.92,48.3,1.39,24.2,,2021-10-01
85.45,26.1,30.23,22.72,10.07,0.8,0.82,46.6,2.52,24.07,,2021-11-01
77.14,26.93,33.81,22.37,4.43,0.58,0.55,54.4,3.05,23.96,,2021-12-01
64.94,27.59,35.06,21.97,0.57,0.48,0.37,57.0,3.72,24.35,,2022-01-01
59.72,28.35,35.89,21.19,0.78,0.46,0.2,60.5,3.81,25.26,,2022-02-01
63.2,28.82,36.82,23.14,59.06,0.48,0.34,62.3,3.39,26.47,,2022-03-01
65.67,29.5,37.07,23.97,63.4,0.47,0.4,70.2,2.55,26.66,,2022-04-01
80.32,27.82,33.89,24.6,264.22,0.61,0.65,288.4,1.46,26.2,,2022-05-01
86.98,26.01,30.36,23.04,330.47,0.84,0.88,268.5,1.83,25.81,,2022-06-01
86.2,26.77,31.21,23.26,166.17,0.86,0.88,61.0,1.98,25.28,,2022-07-01
84.21,26.71,31.43,22.7,124.5,0.78,0.82,61.5,1.76,24.44,,2022-08-01
86.48,26.44,31.71,23.81,224.31,0.79,0.84,256.4,1.58,23.94,,2022-09-01
87.0,26.47,30.8,23.1,184.29,0.85,0.87,10.7,1.75,23.88,,2022-10-01
88.16,26.02,30.21,22.99,501.28,0.88,0.9,22.3,1.82,24.16,,2022-11-01
84.42,25.58,31.06,21.2,6.72,0.78,0.8,51.8,3.17,24.41,,2022-12-01
74.6,26.62,33.03,21.3,5.54,0.56,0.53,55.7,3.82,25.1,,2023-01-01
64.36,27.92,36.67,22.11,3.47,0.47,0.35,59.0,4.93,26.31,,2023-02-01
65.66,28.52,36.48,22.81,54.62,0.48,0.38,65.2,3.11,27.5,,2023-03-01
59.47,30.16,37.68,23.8,19.07,0.46,0.28,70.9,3.01,28.06,,2023-04-01
65.96,30.42,38.31,25.06,180.61,0.49,0.43,79.0,2.41,28.1,,2023-05-01
82.11,28.09,32.95,25.06,153.82,0.68,0.72,54.8,1.91,27.88,,2023-06-01
79.15,28.47,33.95,24.3,77.36,0.63,0.64,60.3,2.32,27.41,,2023-07-01
77.02,28.71,35.5,22.98,106.15,0.57,0.55,66.3,2.03,27.12,,2023-08-01
74.03,29.37,35.91,23.59,141.26,0.57,0.56,75.6,1.67,27.04,,2023-09-01
86.4,27.26,32.57,24.31,340.86,0.73,0.8,196.0,1.91,,,2023-10-01
86.37,27.1,31.72,23.79,156.01,0.88,0.89,35.6,1.97,,,2023-11-01
81.22,27.12,32.81,21.45,16.87,0.68,0.69,49.3,3.21,,,2023-12-01
70.56,28.5,35.54,22.42,1.45,0.52,0.47,56.6,3.75,,,2024-01-01
62.74,28.87,37.67,21.48,8.3,0.46,0.29,54.0,3.86,,,2024-02-01
59.23,30.76,38.87,23.67,3.36,0.46,0.19,59.9,2.97,,,2024-03-01
60.83,30.69,38.89,23.89,30.33,0.46,0.27,72.6,2.88,,,2024-04-01
74.8,29.66,37.89,25.32,1043.91,0.54,0.55,246.1,1.7,,,2024-05-01
88.39,27.18,31.95,24.56,668.04,0.91,0.93,250.2,1.76,,,2024-06-01
87.59,27.38,31.02,23.58,385.41,0.97,0.96,53.8,1.87,,,2024-07-01
84.59,27.72,32.14,24.19,153.75,0.92,0.92,63.2,1.39,,,2024-08-01
86.57,27.25,32.38,23.86,376.53,0.92,0.92,272.7,1.58,,,2024-09-01
87.33,26.95,30.96,23.8,185.7,0.92,0.92,8.6,2.09,,,2024-10-01
89.97,25.82,30.19,22.09,1281.04,0.96,0.96,299.9,2.31,,,2024-11-01
86.61,26.08,30.66,22.0,64.24,0.8,0.83,42.8,2.92,,,2024-12-01
80.52,26.59,32.98,22.55,8.26,0.64,0.63,50.5,3.56,,,2025-01-01
68.85,28.19,35.79,22.85,2.71,0.5,0.44,61.6,3.63,,,2025-02-01
60.86,29.72,37.31,23.55,26.54,0.47,0.3,62.9,3.22,,,2025-03-01
64.0,29.78,37.27,23.66,94.65,0.5,0.44,67.3,3.25,,,2025-04-01
-999.0,-999.0,-999.0,-999.0,-999.0,-999.0,-999.0,-999.0,-999.0,,,2025-05-01
-999.0,-999.0,-999.0,-999.0,-999.0,-999.0,-999.0,-999.0,-999.0,,,2025-06-01
-999.0,-999.0,-999.0,-999.0,-999.0,-999.0,-999.0,-999.0,-999.0,,,2025-07-01
-999.0,-999.0,-999.0,-999.0,-999.0,-999.0,-999.0,-999.0,-999.0,,,2025-08-01
-999.0,-999.0,-999.0,-999.0,-999.0,-999.0,-999.0,-999.0,-999.0,,,2025-09-01
-999.0,-999.0,-999.0,-999.0,-999.0,-999.0,-999.0,-999.0,-999.0,,,2025-10-01
-999.0,-999.0,-999.0,-999.0,-999.0,-999.0,-999.0,-999.0,-999.0,,,2025-11-01
-999.0,-999.0,-999.0,-999.0,-999.0,-999.0,-999.0,-999.0,-999.0,,,2025-12-01
