,caudal_minimo,fecha,humedad_lag_1,temp_lag_1,temp_max_lag_1,temp_min_lag_1,prep_lag_1,soil_perfil_lag_1,soil_superf_lag_1,dir_viento_lag_1,vel_viento_lag_1,nino_lag_1,caudal_minimo_lag_1,humedad_lag_2,temp_lag_2,temp_max_lag_2,temp_min_lag_2,prep_lag_2,soil_perfil_lag_2,soil_superf_lag_2,dir_viento_lag_2,vel_viento_lag_2,nino_lag_2,caudal_minimo_lag_2,humedad_lag_3,temp_lag_3,temp_max_lag_3,temp_min_lag_3,prep_lag_3,soil_perfil_lag_3,soil_superf_lag_3,dir_viento_lag_3,vel_viento_lag_3,nino_lag_3,caudal_minimo_lag_3,humedad_lag_4,temp_lag_4,temp_max_lag_4,temp_min_lag_4,prep_lag_4,soil_perfil_lag_4,soil_superf_lag_4,dir_viento_lag_4,vel_viento_lag_4,nino_lag_4,caudal_minimo_lag_4,humedad_lag_5,temp_lag_5,temp_max_lag_5,temp_min_lag_5,prep_lag_5,soil_perfil_lag_5,soil_superf_lag_5,dir_viento_lag_5,vel_viento_lag_5,nino_lag_5,caudal_minimo_lag_5,humedad_lag_6,temp_lag_6,temp_max_lag_6,temp_min_lag_6,prep_lag_6,soil_perfil_lag_6,soil_superf_lag_6,dir_viento_lag_6,vel_viento_lag_6,nino_lag_6,caudal_minimo_lag_6,caudal_minimo_lag_12
0,43.6,0,13.66,21.43,27.44,16.27,81.17,0.73,0.74,260.4,0.52,26.4,32.6,14.69,21.57,27.08,16.34,88.92,0.81,0.83,297.4,0.42,28.08,79.5,15.07,21.67,26.51,16.25,160.63,0.86,0.87,233.2,0.43,26.06,70.5,13.63,22.53,30.15,15.86,121.29,0.62,0.62,244.4,0.68,27.57,26.8,15.37,21.04,27.33,17.2,279.39,0.95,0.94,240.0,0.74,24.67,166.0,15.5,20.86,26.75,16.21,165.21,0.95,0.93,244.9,1.0,24.8,211.0,50.0
1,32.6,26,14.69,21.57,27.08,16.34,88.92,0.81,0.83,297.4,0.42,28.08,79.5,15.07,21.67,26.51,16.25,160.63,0.86,0.87,233.2,0.43,26.06,70.5,13.63,22.53,30.15,15.86,121.29,0.62,0.62,244.4,0.68,27.57,26.8,15.37,21.04,27.33,17.2,279.39,0.95,0.94,240.0,0.74,24.67,166.0,15.5,20.86,26.75,16.21,165.21,0.95,0.93,244.9,1.0,24.8,211.0,15.18,20.81,26.22,16.61,289.76,0.96,0.94,247.5,0.73,24.7,153.0,25.9
2,29.6,59,15.79,22.09,28.03,17.71,69.41,0.8,0.83,238.7,0.6,27.16,96.0,15.0,21.54,27.14,17.39,233.56,0.82,0.85,241.6,0.51,26.22,74.5,13.68,20.77,26.33,15.3,97.85,0.83,0.84,280.7,0.47,25.86,43.6,13.66,21.43,27.44,16.27,81.17,0.73,0.74,260.4,0.52,26.4,32.6,14.69,21.57,27.08,16.34,88.92,0.81,0.83,297.4,0.42,28.08,79.5,15.07,21.67,26.51,16.25,160.63,0.86,0.87,233.2,0.43,26.06,70.5,24.2
3,26.8,63,15.37,21.04,27.33,17.2,279.39,0.95,0.94,240.0,0.74,24.67,166.0,15.5,20.86,26.75,16.21,165.21,0.95,0.93,244.9,1.0,24.8,211.0,15.18,20.81,26.22,16.61,289.76,0.96,0.94,247.5,0.73,24.7,153.0,15.91,22.18,28.42,18.55,153.35,0.74,0.78,237.9,0.82,26.71,139.0,14.28,22.51,29.48,15.18,64.74,0.67,0.67,244.9,0.58,26.61,24.2,16.09,21.41,27.48,17.74,262.33,0.87,0.89,236.9,0.98,26.19,224.0,21.5
4,30.1,93,12.84,22.23,30.51,16.71,50.42,0.65,0.63,275.4,0.65,27.11,29.6,15.79,22.09,28.03,17.71,69.41,0.8,0.83,238.7,0.6,27.16,96.0,15.0,21.54,27.14,17.39,233.56,0.82,0.85,241.6,0.51,26.22,74.5,13.68,20.77,26.33,15.3,97.85,0.83,0.84,280.7,0.47,25.86,43.6,13.66,21.43,27.44,16.27,81.17,0.73,0.74,260.4,0.52,26.4,32.6,14.69,21.57,27.08,16.34,88.92,0.81,0.83,297.4,0.42,28.08,79.5,139.0
5,96.0,150,15.0,21.54,27.14,17.39,233.56,0.82,0.85,241.6,0.51,26.22,74.5,13.68,20.77,26.33,15.3,97.85,0.83,0.84,280.7,0.47,25.86,43.6,13.66,21.43,27.44,16.27,81.17,0.73,0.74,260.4,0.52,26.4,32.6,14.69,21.57,27.08,16.34,88.92,0.81,0.83,297.4,0.42,28.08,79.5,15.07,21.67,26.51,16.25,160.63,0.86,0.87,233.2,0.43,26.06,70.5,13.63,22.53,30.15,15.86,121.29,0.62,0.62,244.4,0.68,27.57,26.8,224.0
6,74.5,178,13.68,20.77,26.33,15.3,97.85,0.83,0.84,280.7,0.47,25.86,43.6,13.66,21.43,27.44,16.27,81.17,0.73,0.74,260.4,0.52,26.4,32.6,14.69,21.57,27.08,16.34,88.92,0.81,0.83,297.4,0.42,28.08,79.5,15.07,21.67,26.51,16.25,160.63,0.86,0.87,233.2,0.43,26.06,70.5,13.63,22.53,30.15,15.86,121.29,0.62,0.62,244.4,0.68,27.57,26.8,15.37,21.04,27.33,17.2,279.39,0.95,0.94,240.0,0.74,24.67,166.0,127.0
7,70.5,198,13.63,22.53,30.15,15.86,121.29,0.62,0.62,244.4,0.68,27.57,26.8,15.37,21.04,27.33,17.2,279.39,0.95,0.94,240.0,0.74,24.67,166.0,15.5,20.86,26.75,16.21,165.21,0.95,0.93,244.9,1.0,24.8,211.0,15.18,20.81,26.22,16.61,289.76,0.96,0.94,247.5,0.73,24.7,153.0,15.91,22.18,28.42,18.55,153.35,0.74,0.78,237.9,0.82,26.71,139.0,14.28,22.51,29.48,15.18,64.74,0.67,0.67,244.9,0.58,26.61,24.2,116.0
8,168.0,217,14.99,20.65,26.48,16.36,193.32,0.91,0.91,228.8,0.76,27.28,334.0,14.83,21.46,27.31,16.85,71.96,0.87,0.88,254.1,0.51,27.5,153.0,15.44,22.12,29.61,17.36,258.28,0.72,0.76,232.7,0.75,27.64,30.1,12.84,22.23,30.51,16.71,50.42,0.65,0.63,275.4,0.65,27.11,29.6,15.79,22.09,28.03,17.71,69.41,0.8,0.83,238.7,0.6,27.16,96.0,15.0,21.54,27.14,17.39,233.56,0.82,0.85,241.6,0.51,26.22,74.5,166.0
9,334.0,272,14.83,21.46,27.31,16.85,71.96,0.87,0.88,254.1,0.51,27.5,153.0,15.44,22.12,29.61,17.36,258.28,0.72,0.76,232.7,0.75,27.64,30.1,12.84,22.23,30.51,16.71,50.42,0.65,0.63,275.4,0.65,27.11,29.6,15.79,22.09,28.03,17.71,69.41,0.8,0.83,238.7,0.6,27.16,96.0,15.0,21.54,27.14,17.39,233.56,0.82,0.85,241.6,0.51,26.22,74.5,13.68,20.77,26.33,15.3,97.85,0.83,0.84,280.7,0.47,25.86,43.6,211.0
10,153.0,302,15.44,22.12,29.61,17.36,258.28,0.72,0.76,232.7,0.75,27.64,30.1,12.84,22.23,30.51,16.71,50.42,0.65,0.63,275.4,0.65,27.11,29.6,15.79,22.09,28.03,17.71,69.41,0.8,0.83,238.7,0.6,27.16,96.0,15.0,21.54,27.14,17.39,233.56,0.82,0.85,241.6,0.51,26.22,74.5,13.68,20.77,26.33,15.3,97.85,0.83,0.84,280.7,0.47,25.86,43.6,13.66,21.43,27.44,16.27,81.17,0.73,0.74,260.4,0.52,26.4,32.6,153.0
11,79.5,332,15.07,21.67,26.51,16.25,160.63,0.86,0.87,233.2,0.43,26.06,70.5,13.63,22.53,30.15,15.86,121.29,0.62,0.62,244.4,0.68,27.57,26.8,15.37,21.04,27.33,17.2,279.39,0.95,0.94,240.0,0.74,24.67,166.0,15.5,20.86,26.75,16.21,165.21,0.95,0.93,244.9,1.0,24.8,211.0,15.18,20.81,26.22,16.61,289.76,0.96,0.94,247.5,0.73,24.7,153.0,15.91,22.18,28.42,18.55,153.35,0.74,0.78,237.9,0.82,26.71,139.0,65.1
12,48.3,365,13.58,23.48,31.98,17.98,0.78,0.59,0.51,257.7,0.69,28.71,40.9,14.79,20.9,25.94,16.47,69.39,0.86,0.87,240.8,0.57,24.39,79.5,15.03,21.98,27.98,17.12,132.5,0.75,0.79,233.6,0.55,25.77,70.5,13.79,23.92,33.07,18.39,138.11,0.56,0.5,234.3,0.74,29.13,27.7,15.4,21.5,27.73,17.96,167.25,0.84,0.86,242.8,0.81,26.79,168.0,14.99,20.65,26.48,16.36,193.32,0.91,0.91,228.8,0.76,27.28,334.0,43.6
13,40.9,376,14.79,20.9,25.94,16.47,69.39,0.86,0.87,240.8,0.57,24.39,79.5,15.03,21.98,27.98,17.12,132.5,0.75,0.79,233.6,0.55,25.77,70.5,13.79,23.92,33.07,18.39,138.11,0.56,0.5,234.3,0.74,29.13,27.7,15.4,21.5,27.73,17.96,167.25,0.84,0.86,242.8,0.81,26.79,168.0,14.99,20.65,26.48,16.36,193.32,0.91,0.91,228.8,0.76,27.28,334.0,14.83,21.46,27.31,16.85,71.96,0.87,0.88,254.1,0.51,27.5,153.0,32.6
14,34.1,425,15.9,22.37,28.47,18.8,154.7,0.73,0.78,238.7,0.71,28.14,96.0,15.42,22.39,28.56,18.2,121.92,0.74,0.78,237.5,0.54,26.61,74.5,14.48,22.36,28.9,16.87,42.82,0.7,0.7,296.7,0.57,28.66,48.3,13.58,23.48,31.98,17.98,0.78,0.59,0.51,257.7,0.69,28.71,40.9,14.79,20.9,25.94,16.47,69.39,0.86,0.87,240.8,0.57,24.39,79.5,15.03,21.98,27.98,17.12,132.5,0.75,0.79,233.6,0.55,25.77,70.5,29.6
15,27.7,446,15.4,21.5,27.73,17.96,167.25,0.84,0.86,242.8,0.81,26.79,168.0,14.99,20.65,26.48,16.36,193.32,0.91,0.91,228.8,0.76,27.28,334.0,14.83,21.46,27.31,16.85,71.96,0.87,0.88,254.1,0.51,27.5,153.0,15.44,22.12,29.61,17.36,258.28,0.72,0.76,232.7,0.75,27.64,30.1,12.84,22.23,30.51,16.71,50.42,0.65,0.63,275.4,0.65,27.11,29.6,15.79,22.09,28.03,17.71,69.41,0.8,0.83,238.7,0.6,27.16,96.0,26.8
16,30.1,458,13.96,23.81,32.02,18.33,31.39,0.56,0.48,251.3,0.71,28.89,34.1,15.9,22.37,28.47,18.8,154.7,0.73,0.78,238.7,0.71,28.14,96.0,15.42,22.39,28.56,18.2,121.92,0.74,0.78,237.5,0.54,26.61,74.5,14.48,22.36,28.9,16.87,42.82,0.7,0.7,296.7,0.57,28.66,48.3,13.58,23.48,31.98,17.98,0.78,0.59,0.51,257.7,0.69,28.71,40.9,14.79,20.9,25.94,16.47,69.39,0.86,0.87,240.8,0.57,24.39,79.5,30.1
17,96.0,515,15.42,22.39,28.56,18.2,121.92,0.74,0.78,237.5,0.54,26.61,74.5,14.48,22.36,28.9,16.87,42.82,0.7,0.7,296.7,0.57,28.66,48.3,13.58,23.48,31.98,17.98,0.78,0.59,0.51,257.7,0.69,28.71,40.9,14.79,20.9,25.94,16.47,69.39,0.86,0.87,240.8,0.57,24.39,79.5,15.03,21.98,27.98,17.12,132.5,0.75,0.79,233.6,0.55,25.77,70.5,13.79,23.92,33.07,18.39,138.11,0.56,0.5,234.3,0.74,29.13,27.7,96.0
18,74.5,543,14.48,22.36,28.9,16.87,42.82,0.7,0.7,296.7,0.57,28.66,48.3,13.58,23.48,31.98,17.98,0.78,0.59,0.51,257.7,0.69,28.71,40.9,14.79,20.9,25.94,16.47,69.39,0.86,0.87,240.8,0.57,24.39,79.5,15.03,21.98,27.98,17.12,132.5,0.75,0.79,233.6,0.55,25.77,70.5,13.79,23.92,33.07,18.39,138.11,0.56,0.5,234.3,0.74,29.13,27.7,15.4,21.5,27.73,17.96,167.25,0.84,0.86,242.8,0.81,26.79,168.0,74.5
19,70.5,563,13.79,23.92,33.07,18.39,138.11,0.56,0.5,234.3,0.74,29.13,27.7,15.4,21.5,27.73,17.96,167.25,0.84,0.86,242.8,0.81,26.79,168.0,14.99,20.65,26.48,16.36,193.32,0.91,0.91,228.8,0.76,27.28,334.0,14.83,21.46,27.31,16.85,71.96,0.87,0.88,254.1,0.51,27.5,153.0,15.44,22.12,29.61,17.36,258.28,0.72,0.76,232.7,0.75,27.64,30.1,12.84,22.23,30.51,16.71,50.42,0.65,0.63,275.4,0.65,27.11,29.6,70.5
20,108.0,582,15.11,20.86,26.67,15.31,285.09,0.93,0.93,225.3,0.7,24.37,334.0,15.64,21.13,26.21,17.42,85.19,0.92,0.91,232.7,0.89,24.07,153.0,15.97,23.07,29.97,17.99,113.99,0.66,0.69,239.3,0.65,28.98,30.1,13.96,23.81,32.02,18.33,31.39,0.56,0.48,251.3,0.71,28.89,34.1,15.9,22.37,28.47,18.8,154.7,0.73,0.78,238.7,0.71,28.14,96.0,15.42,22.39,28.56,18.2,121.92,0.74,0.78,237.5,0.54,26.61,74.5,168.0
21,334.0,637,15.64,21.13,26.21,17.42,85.19,0.92,0.91,232.7,0.89,24.07,153.0,15.97,23.07,29.97,17.99,113.99,0.66,0.69,239.3,0.65,28.98,30.1,13.96,23.81,32.02,18.33,31.39,0.56,0.48,251.3,0.71,28.89,34.1,15.9,22.37,28.47,18.8,154.7,0.73,0.78,238.7,0.71,28.14,96.0,15.42,22.39,28.56,18.2,121.92,0.74,0.78,237.5,0.54,26.61,74.5,14.48,22.36,28.9,16.87,42.82,0.7,0.7,296.7,0.57,28.66,48.3,334.0
22,153.0,667,15.97,23.07,29.97,17.99,113.99,0.66,0.69,239.3,0.65,28.98,30.1,13.96,23.81,32.02,18.33,31.39,0.56,0.48,251.3,0.71,28.89,34.1,15.9,22.37,28.47,18.8,154.7,0.73,0.78,238.7,0.71,28.14,96.0,15.42,22.39,28.56,18.2,121.92,0.74,0.78,237.5,0.54,26.61,74.5,14.48,22.36,28.9,16.87,42.82,0.7,0.7,296.7,0.57,28.66,48.3,13.58,23.48,31.98,17.98,0.78,0.59,0.51,257.7,0.69,28.71,40.9,153.0
23,79.5,697,15.03,21.98,27.98,17.12,132.5,0.75,0.79,233.6,0.55,25.77,70.5,13.79,23.92,33.07,18.39,138.11,0.56,0.5,234.3,0.74,29.13,27.7,15.4,21.5,27.73,17.96,167.25,0.84,0.86,242.8,0.81,26.79,168.0,14.99,20.65,26.48,16.36,193.32,0.91,0.91,228.8,0.76,27.28,334.0,14.83,21.46,27.31,16.85,71.96,0.87,0.88,254.1,0.51,27.5,153.0,15.44,22.12,29.61,17.36,258.28,0.72,0.76,232.7,0.75,27.64,30.1,79.5
24,48.3,730,13.58,21.74,28.59,15.17,21.29,0.62,0.61,247.5,0.57,26.26,40.9,14.03,21.07,25.87,15.97,39.08,0.82,0.84,281.7,0.38,23.96,62.8,15.31,21.03,26.75,17.07,206.43,0.89,0.89,238.4,0.8,24.71,106.0,13.69,22.92,30.38,16.91,74.55,0.59,0.58,232.4,0.74,27.09,27.7,15.04,21.41,27.33,17.09,310.84,0.83,0.87,234.4,0.64,25.03,108.0,15.11,20.86,26.67,15.31,285.09,0.93,0.93,225.3,0.7,24.37,334.0,48.3
25,40.9,741,14.03,21.07,25.87,15.97,39.08,0.82,0.84,281.7,0.38,23.96,62.8,15.31,21.03,26.75,17.07,206.43,0.89,0.89,238.4,0.8,24.71,106.0,13.69,22.92,30.38,16.91,74.55,0.59,0.58,232.4,0.74,27.09,27.7,15.04,21.41,27.33,17.09,310.84,0.83,0.87,234.4,0.64,25.03,108.0,15.11,20.86,26.67,15.31,285.09,0.93,0.93,225.3,0.7,24.37,334.0,15.64,21.13,26.21,17.42,85.19,0.92,0.91,232.7,0.89,24.07,153.0,40.9
26,34.1,791,15.1,21.14,26.82,16.95,177.04,0.75,0.8,240.7,0.76,25.45,114.0,14.94,20.87,26.39,15.83,171.78,0.83,0.86,239.6,0.79,25.03,112.0,13.48,20.86,26.65,13.93,17.53,0.75,0.77,262.4,0.45,25.08,48.3,13.58,21.74,28.59,15.17,21.29,0.62,0.61,247.5,0.57,26.26,40.9,14.03,21.07,25.87,15.97,39.08,0.82,0.84,281.7,0.38,23.96,62.8,15.31,21.03,26.75,17.07,206.43,0.89,0.89,238.4,0.8,24.71,106.0,34.1
27,27.7,812,15.04,21.41,27.33,17.09,310.84,0.83,0.87,234.4,0.64,25.03,108.0,15.11,20.86,26.67,15.31,285.09,0.93,0.93,225.3,0.7,24.37,334.0,15.64,21.13,26.21,17.42,85.19,0.92,0.91,232.7,0.89,24.07,153.0,15.97,23.07,29.97,17.99,113.99,0.66,0.69,239.3,0.65,28.98,30.1,13.96,23.81,32.02,18.33,31.39,0.56,0.48,251.3,0.71,28.89,34.1,15.9,22.37,28.47,18.8,154.7,0.73,0.78,238.7,0.71,28.14,96.0,27.7
28,77.0,824,13.16,22.78,31.13,16.55,35.06,0.58,0.5,229.0,0.81,26.97,34.1,15.1,21.14,26.82,16.95,177.04,0.75,0.8,240.7,0.76,25.45,114.0,14.94,20.87,26.39,15.83,171.78,0.83,0.86,239.6,0.79,25.03,112.0,13.48,20.86,26.65,13.93,17.53,0.75,0.77,262.4,0.45,25.08,48.3,13.58,21.74,28.59,15.17,21.29,0.62,0.61,247.5,0.57,26.26,40.9,14.03,21.07,25.87,15.97,39.08,0.82,0.84,281.7,0.38,23.96,62.8,30.1
29,114.0,872,14.94,20.87,26.39,15.83,171.78,0.83,0.86,239.6,0.79,25.03,112.0,13.48,20.86,26.65,13.93,17.53,0.75,0.77,262.4,0.45,25.08,48.3,13.58,21.74,28.59,15.17,21.29,0.62,0.61,247.5,0.57,26.26,40.9,14.03,21.07,25.87,15.97,39.08,0.82,0.84,281.7,0.38,23.96,62.8,15.31,21.03,26.75,17.07,206.43,0.89,0.89,238.4,0.8,24.71,106.0,13.69,22.92,30.38,16.91,74.55,0.59,0.58,232.4,0.74,27.09,27.7,96.0
30,112.0,909,13.48,20.86,26.65,13.93,17.53,0.75,0.77,262.4,0.45,25.08,48.3,13.58,21.74,28.59,15.17,21.29,0.62,0.61,247.5,0.57,26.26,40.9,14.03,21.07,25.87,15.97,39.08,0.82,0.84,281.7,0.38,23.96,62.8,15.31,21.03,26.75,17.07,206.43,0.89,0.89,238.4,0.8,24.71,106.0,13.69,22.92,30.38,16.91,74.55,0.59,0.58,232.4,0.74,27.09,27.7,15.04,21.41,27.33,17.09,310.84,0.83,0.87,234.4,0.64,25.03,108.0,74.5
31,106.0,922,13.69,22.92,30.38,16.91,74.55,0.59,0.58,232.4,0.74,27.09,27.7,15.04,21.41,27.33,17.09,310.84,0.83,0.87,234.4,0.64,25.03,108.0,15.11,20.86,26.67,15.31,285.09,0.93,0.93,225.3,0.7,24.37,334.0,15.64,21.13,26.21,17.42,85.19,0.92,0.91,232.7,0.89,24.07,153.0,15.97,23.07,29.97,17.99,113.99,0.66,0.69,239.3,0.65,28.98,30.1,13.96,23.81,32.02,18.33,31.39,0.56,0.48,251.3,0.71,28.89,34.1,70.5
32,190.0,951,15.51,20.83,26.67,17.17,225.9,0.94,0.93,240.1,0.97,24.31,224.0,14.66,20.46,25.54,15.49,92.39,0.92,0.91,240.9,0.82,24.11,180.0,14.86,22.27,29.43,17.94,179.7,0.61,0.62,239.7,0.81,26.32,77.0,13.16,22.78,31.13,16.55,35.06,0.58,0.5,229.0,0.81,26.97,34.1,15.1,21.14,26.82,16.95,177.04,0.75,0.8,240.7,0.76,25.45,114.0,14.94,20.87,26.39,15.83,171.78,0.83,0.86,239.6,0.79,25.03,112.0,108.0
33,224.0,975,14.66,20.46,25.54,15.49,92.39,0.92,0.91,240.9,0.82,24.11,180.0,14.86,22.27,29.43,17.94,179.7,0.61,0.62,239.7,0.81,26.32,77.0,13.16,22.78,31.13,16.55,35.06,0.58,0.5,229.0,0.81,26.97,34.1,15.1,21.14,26.82,16.95,177.04,0.75,0.8,240.7,0.76,25.45,114.0,14.94,20.87,26.39,15.83,171.78,0.83,0.86,239.6,0.79,25.03,112.0,13.48,20.86,26.65,13.93,17.53,0.75,0.77,262.4,0.45,25.08,48.3,334.0
34,180.0,1035,14.86,22.27,29.43,17.94,179.7,0.61,0.62,239.7,0.81,26.32,77.0,13.16,22.78,31.13,16.55,35.06,0.58,0.5,229.0,0.81,26.97,34.1,15.1,21.14,26.82,16.95,177.04,0.75,0.8,240.7,0.76,25.45,114.0,14.94,20.87,26.39,15.83,171.78,0.83,0.86,239.6,0.79,25.03,112.0,13.48,20.86,26.65,13.93,17.53,0.75,0.77,262.4,0.45,25.08,48.3,13.58,21.74,28.59,15.17,21.29,0.62,0.61,247.5,0.57,26.26,40.9,153.0
35,62.8,1064,15.31,21.03,26.75,17.07,206.43,0.89,0.89,238.4,0.8,24.71,106.0,13.69,22.92,30.38,16.91,74.55,0.59,0.58,232.4,0.74,27.09,27.7,15.04,21.41,27.33,17.09,310.84,0.83,0.87,234.4,0.64,25.03,108.0,15.11,20.86,26.67,15.31,285.09,0.93,0.93,225.3,0.7,24.37,334.0,15.64,21.13,26.21,17.42,85.19,0.92,0.91,232.7,0.89,24.07,153.0,15.97,23.07,29.97,17.99,113.99,0.66,0.69,239.3,0.65,28.98,30.1,79.5
36,38.6,1097,12.21,21.97,29.26,16.06,8.59,0.6,0.54,325.3,0.66,25.5,26.2,14.16,20.61,25.83,15.59,62.78,0.82,0.84,245.8,0.64,24.5,70.2,14.79,20.67,27.08,16.22,218.6,0.85,0.87,247.2,0.77,24.24,99.2,12.64,23.36,31.39,17.73,22.91,0.55,0.45,239.4,0.74,26.53,20.7,15.24,20.66,26.62,17.44,168.08,0.92,0.91,246.0,0.9,24.56,190.0,15.51,20.83,26.67,17.17,225.9,0.94,0.93,240.1,0.97,24.31,224.0,48.3
37,26.2,1125,14.16,20.61,25.83,15.59,62.78,0.82,0.84,245.8,0.64,24.5,70.2,14.79,20.67,27.08,16.22,218.6,0.85,0.87,247.2,0.77,24.24,99.2,12.64,23.36,31.39,17.73,22.91,0.55,0.45,239.4,0.74,26.53,20.7,15.24,20.66,26.62,17.44,168.08,0.92,0.91,246.0,0.9,24.56,190.0,15.51,20.83,26.67,17.17,225.9,0.94,0.93,240.1,0.97,24.31,224.0,14.66,20.46,25.54,15.49,92.39,0.92,0.91,240.9,0.82,24.11,180.0,40.9
38,22.3,1156,14.97,21.42,28.03,16.56,297.92,0.67,0.72,228.6,0.66,25.6,96.0,14.44,20.72,26.19,16.49,171.51,0.82,0.85,227.3,0.66,24.71,67.4,12.64,20.42,26.6,15.64,48.26,0.71,0.72,303.7,0.47,24.4,38.6,12.21,21.97,29.26,16.06,8.59,0.6,0.54,325.3,0.66,25.5,26.2,14.16,20.61,25.83,15.59,62.78,0.82,0.84,245.8,0.64,24.5,70.2,14.79,20.67,27.08,16.22,218.6,0.85,0.87,247.2,0.77,24.24,99.2,34.1
39,20.7,1169,15.24,20.66,26.62,17.44,168.08,0.92,0.91,246.0,0.9,24.56,190.0,15.51,20.83,26.67,17.17,225.9,0.94,0.93,240.1,0.97,24.31,224.0,14.66,20.46,25.54,15.49,92.39,0.92,0.91,240.9,0.82,24.11,180.0,14.86,22.27,29.43,17.94,179.7,0.61,0.62,239.7,0.81,26.32,77.0,13.16,22.78,31.13,16.55,35.06,0.58,0.5,229.0,0.81,26.97,34.1,15.1,21.14,26.82,16.95,177.04,0.75,0.8,240.7,0.76,25.45,114.0,27.7
40,53.9,1192,12.0,22.89,30.97,15.84,18.91,0.56,0.44,307.8,0.78,26.42,22.3,14.97,21.42,28.03,16.56,297.92,0.67,0.72,228.6,0.66,25.6,96.0,14.44,20.72,26.19,16.49,171.51,0.82,0.85,227.3,0.66,24.71,67.4,12.64,20.42,26.6,15.64,48.26,0.71,0.72,303.7,0.47,24.4,38.6,12.21,21.97,29.26,16.06,8.59,0.6,0.54,325.3,0.66,25.5,26.2,14.16,20.61,25.83,15.59,62.78,0.82,0.84,245.8,0.64,24.5,70.2,77.0
41,96.0,1247,14.44,20.72,26.19,16.49,171.51,0.82,0.85,227.3,0.66,24.71,67.4,12.64,20.42,26.6,15.64,48.26,0.71,0.72,303.7,0.47,24.4,38.6,12.21,21.97,29.26,16.06,8.59,0.6,0.54,325.3,0.66,25.5,26.2,14.16,20.61,25.83,15.59,62.78,0.82,0.84,245.8,0.64,24.5,70.2,14.79,20.67,27.08,16.22,218.6,0.85,0.87,247.2,0.77,24.24,99.2,12.64,23.36,31.39,17.73,22.91,0.55,0.45,239.4,0.74,26.53,20.7,114.0
42,67.4,1255,12.64,20.42,26.6,15.64,48.26,0.71,0.72,303.7,0.47,24.4,38.6,12.21,21.97,29.26,16.06,8.59,0.6,0.54,325.3,0.66,25.5,26.2,14.16,20.61,25.83,15.59,62.78,0.82,0.84,245.8,0.64,24.5,70.2,14.79,20.67,27.08,16.22,218.6,0.85,0.87,247.2,0.77,24.24,99.2,12.64,23.36,31.39,17.73,22.91,0.55,0.45,239.4,0.74,26.53,20.7,15.24,20.66,26.62,17.44,168.08,0.92,0.91,246.0,0.9,24.56,190.0,112.0
43,99.2,1291,12.64,23.36,31.39,17.73,22.91,0.55,0.45,239.4,0.74,26.53,20.7,15.24,20.66,26.62,17.44,168.08,0.92,0.91,246.0,0.9,24.56,190.0,15.51,20.83,26.67,17.17,225.9,0.94,0.93,240.1,0.97,24.31,224.0,14.66,20.46,25.54,15.49,92.39,0.92,0.91,240.9,0.82,24.11,180.0,14.86,22.27,29.43,17.94,179.7,0.61,0.62,239.7,0.81,26.32,77.0,13.16,22.78,31.13,16.55,35.06,0.58,0.5,229.0,0.81,26.97,34.1,106.0
44,238.0,1311,14.89,20.69,26.73,16.43,129.03,0.89,0.89,248.2,0.83,24.18,241.0,14.74,20.73,26.37,16.95,93.57,0.86,0.87,246.3,0.77,24.4,135.0,14.53,22.59,30.99,18.06,58.88,0.55,0.51,236.9,0.94,26.19,53.9,12.0,22.89,30.97,15.84,18.91,0.56,0.44,307.8,0.78,26.42,22.3,14.97,21.42,28.03,16.56,297.92,0.67,0.72,228.6,0.66,25.6,96.0,14.44,20.72,26.19,16.49,171.51,0.82,0.85,227.3,0.66,24.71,67.4,190.0
45,241.0,1340,14.74,20.73,26.37,16.95,93.57,0.86,0.87,246.3,0.77,24.4,135.0,14.53,22.59,30.99,18.06,58.88,0.55,0.51,236.9,0.94,26.19,53.9,12.0,22.89,30.97,15.84,18.91,0.56,0.44,307.8,0.78,26.42,22.3,14.97,21.42,28.03,16.56,297.92,0.67,0.72,228.6,0.66,25.6,96.0,14.44,20.72,26.19,16.49,171.51,0.82,0.85,227.3,0.66,24.71,67.4,12.64,20.42,26.6,15.64,48.26,0.71,0.72,303.7,0.47,24.4,38.6,224.0
46,135.0,1397,14.53,22.59,30.99,18.06,58.88,0.55,0.51,236.9,0.94,26.19,53.9,12.0,22.89,30.97,15.84,18.91,0.56,0.44,307.8,0.78,26.42,22.3,14.97,21.42,28.03,16.56,297.92,0.67,0.72,228.6,0.66,25.6,96.0,14.44,20.72,26.19,16.49,171.51,0.82,0.85,227.3,0.66,24.71,67.4,12.64,20.42,26.6,15.64,48.26,0.71,0.72,303.7,0.47,24.4,38.6,12.21,21.97,29.26,16.06,8.59,0.6,0.54,325.3,0.66,25.5,26.2,180.0
47,70.2,1431,14.79,20.67,27.08,16.22,218.6,0.85,0.87,247.2,0.77,24.24,99.2,12.64,23.36,31.39,17.73,22.91,0.55,0.45,239.4,0.74,26.53,20.7,15.24,20.66,26.62,17.44,168.08,0.92,0.91,246.0,0.9,24.56,190.0,15.51,20.83,26.67,17.17,225.9,0.94,0.93,240.1,0.97,24.31,224.0,14.66,20.46,25.54,15.49,92.39,0.92,0.91,240.9,0.82,24.11,180.0,14.86,22.27,29.43,17.94,179.7,0.61,0.62,239.7,0.81,26.32,77.0,62.8
48,40.9,1459,12.25,21.55,28.48,14.34,4.54,0.61,0.56,246.9,0.63,25.88,31.9,14.53,21.14,26.29,15.92,72.52,0.84,0.86,247.5,0.55,26.15,45.7,14.88,21.27,27.04,17.06,246.79,0.85,0.87,248.4,0.55,25.29,64.3,13.46,23.58,31.42,18.61,23.2,0.54,0.43,243.8,0.64,27.2,29.3,14.86,20.88,26.85,16.46,204.3,0.93,0.92,242.0,0.69,24.04,238.0,14.89,20.69,26.73,16.43,129.03,0.89,0.89,248.2,0.83,24.18,241.0,38.6
49,31.9,1485,14.53,21.14,26.29,15.92,72.52,0.84,0.86,247.5,0.55,26.15,45.7,14.88,21.27,27.04,17.06,246.79,0.85,0.87,248.4,0.55,25.29,64.3,13.46,23.58,31.42,18.61,23.2,0.54,0.43,243.8,0.64,27.2,29.3,14.86,20.88,26.85,16.46,204.3,0.93,0.92,242.0,0.69,24.04,238.0,14.89,20.69,26.73,16.43,129.03,0.89,0.89,248.2,0.83,24.18,241.0,14.74,20.73,26.37,16.95,93.57,0.86,0.87,246.3,0.77,24.4,135.0,26.2
50,24.4,1517,15.02,21.65,28.3,16.77,335.5,0.65,0.7,239.2,0.74,26.17,109.0,14.7,21.22,26.87,16.69,144.76,0.87,0.88,246.1,0.48,25.67,75.0,13.18,20.88,27.1,16.39,61.06,0.72,0.74,291.7,0.44,24.86,40.9,12.25,21.55,28.48,14.34,4.54,0.61,0.56,246.9,0.63,25.88,31.9,14.53,21.14,26.29,15.92,72.52,0.84,0.86,247.5,0.55,26.15,45.7,14.88,21.27,27.04,17.06,246.79,0.85,0.87,248.4,0.55,25.29,64.3,22.3
51,29.3,1528,14.86,20.88,26.85,16.46,204.3,0.93,0.92,242.0,0.69,24.04,238.0,14.89,20.69,26.73,16.43,129.03,0.89,0.89,248.2,0.83,24.18,241.0,14.74,20.73,26.37,16.95,93.57,0.86,0.87,246.3,0.77,24.4,135.0,14.53,22.59,30.99,18.06,58.88,0.55,0.51,236.9,0.94,26.19,53.9,12.0,22.89,30.97,15.84,18.91,0.56,0.44,307.8,0.78,26.42,22.3,14.97,21.42,28.03,16.56,297.92,0.67,0.72,228.6,0.66,25.6,96.0,20.7
52,32.3,1553,11.9,22.63,31.48,15.95,10.25,0.56,0.44,297.6,0.83,26.83,24.4,15.02,21.65,28.3,16.77,335.5,0.65,0.7,239.2,0.74,26.17,109.0,14.7,21.22,26.87,16.69,144.76,0.87,0.88,246.1,0.48,25.67,75.0,13.18,20.88,27.1,16.39,61.06,0.72,0.74,291.7,0.44,24.86,40.9,12.25,21.55,28.48,14.34,4.54,0.61,0.56,246.9,0.63,25.88,31.9,14.53,21.14,26.29,15.92,72.52,0.84,0.86,247.5,0.55,26.15,45.7,53.9
53,109.0,1602,14.7,21.22,26.87,16.69,144.76,0.87,0.88,246.1,0.48,25.67,75.0,13.18,20.88,27.1,16.39,61.06,0.72,0.74,291.7,0.44,24.86,40.9,12.25,21.55,28.48,14.34,4.54,0.61,0.56,246.9,0.63,25.88,31.9,14.53,21.14,26.29,15.92,72.52,0.84,0.86,247.5,0.55,26.15,45.7,14.88,21.27,27.04,17.06,246.79,0.85,0.87,248.4,0.55,25.29,64.3,13.46,23.58,31.42,18.61,23.2,0.54,0.43,243.8,0.64,27.2,29.3,96.0
54,75.0,1643,13.18,20.88,27.1,16.39,61.06,0.72,0.74,291.7,0.44,24.86,40.9,12.25,21.55,28.48,14.34,4.54,0.61,0.56,246.9,0.63,25.88,31.9,14.53,21.14,26.29,15.92,72.52,0.84,0.86,247.5,0.55,26.15,45.7,14.88,21.27,27.04,17.06,246.79,0.85,0.87,248.4,0.55,25.29,64.3,13.46,23.58,31.42,18.61,23.2,0.54,0.43,243.8,0.64,27.2,29.3,14.86,20.88,26.85,16.46,204.3,0.93,0.92,242.0,0.69,24.04,238.0,67.4
55,64.3,1652,13.46,23.58,31.42,18.61,23.2,0.54,0.43,243.8,0.64,27.2,29.3,14.86,20.88,26.85,16.46,204.3,0.93,0.92,242.0,0.69,24.04,238.0,14.89,20.69,26.73,16.43,129.03,0.89,0.89,248.2,0.83,24.18,241.0,14.74,20.73,26.37,16.95,93.57,0.86,0.87,246.3,0.77,24.4,135.0,14.53,22.59,30.99,18.06,58.88,0.55,0.51,236.9,0.94,26.19,53.9,12.0,22.89,30.97,15.84,18.91,0.56,0.44,307.8,0.78,26.42,22.3,99.2
56,133.0,1683,15.31,20.78,25.95,17.18,374.92,0.96,0.95,234.8,0.95,25.51,298.0,15.07,21.05,26.51,15.87,141.23,0.93,0.92,231.0,0.62,25.88,106.0,14.92,22.73,31.08,18.08,95.41,0.57,0.56,236.2,0.9,26.65,32.3,11.9,22.63,31.48,15.95,10.25,0.56,0.44,297.6,0.83,26.83,24.4,15.02,21.65,28.3,16.77,335.5,0.65,0.7,239.2,0.74,26.17,109.0,14.7,21.22,26.87,16.69,144.76,0.87,0.88,246.1,0.48,25.67,75.0,238.0
57,298.0,1735,15.07,21.05,26.51,15.87,141.23,0.93,0.92,231.0,0.62,25.88,106.0,14.92,22.73,31.08,18.08,95.41,0.57,0.56,236.2,0.9,26.65,32.3,11.9,22.63,31.48,15.95,10.25,0.56,0.44,297.6,0.83,26.83,24.4,15.02,21.65,28.3,16.77,335.5,0.65,0.7,239.2,0.74,26.17,109.0,14.7,21.22,26.87,16.69,144.76,0.87,0.88,246.1,0.48,25.67,75.0,13.18,20.88,27.1,16.39,61.06,0.72,0.74,291.7,0.44,24.86,40.9,241.0
58,106.0,1761,14.92,22.73,31.08,18.08,95.41,0.57,0.56,236.2,0.9,26.65,32.3,11.9,22.63,31.48,15.95,10.25,0.56,0.44,297.6,0.83,26.83,24.4,15.02,21.65,28.3,16.77,335.5,0.65,0.7,239.2,0.74,26.17,109.0,14.7,21.22,26.87,16.69,144.76,0.87,0.88,246.1,0.48,25.67,75.0,13.18,20.88,27.1,16.39,61.06,0.72,0.74,291.7,0.44,24.86,40.9,12.25,21.55,28.48,14.34,4.54,0.61,0.56,246.9,0.63,25.88,31.9,135.0
59,45.7,1795,14.88,21.27,27.04,17.06,246.79,0.85,0.87,248.4,0.55,25.29,64.3,13.46,23.58,31.42,18.61,23.2,0.54,0.43,243.8,0.64,27.2,29.3,14.86,20.88,26.85,16.46,204.3,0.93,0.92,242.0,0.69,24.04,238.0,14.89,20.69,26.73,16.43,129.03,0.89,0.89,248.2,0.83,24.18,241.0,14.74,20.73,26.37,16.95,93.57,0.86,0.87,246.3,0.77,24.4,135.0,14.53,22.59,30.99,18.06,58.88,0.55,0.51,236.9,0.94,26.19,53.9,70.2
60,28.2,1827,13.83,22.69,30.3,16.58,21.86,0.63,0.61,277.2,0.65,27.55,20.0,15.05,21.69,27.27,16.71,31.77,0.82,0.83,242.3,0.49,26.23,65.4,15.23,21.15,26.93,16.94,227.48,0.9,0.91,250.7,0.65,26.57,154.0,14.89,22.9,30.78,17.93,120.39,0.61,0.62,250.4,0.62,28.35,18.9,15.14,21.19,27.18,16.7,173.21,0.9,0.91,238.1,0.7,25.2,133.0,15.31,20.78,25.95,17.18,374.92,0.96,0.95,234.8,0.95,25.51,298.0,40.9
61,20.0,1855,15.05,21.69,27.27,16.71,31.77,0.82,0.83,242.3,0.49,26.23,65.4,15.23,21.15,26.93,16.94,227.48,0.9,0.91,250.7,0.65,26.57,154.0,14.89,22.9,30.78,17.93,120.39,0.61,0.62,250.4,0.62,28.35,18.9,15.14,21.19,27.18,16.7,173.21,0.9,0.91,238.1,0.7,25.2,133.0,15.31,20.78,25.95,17.18,374.92,0.96,0.95,234.8,0.95,25.51,298.0,15.07,21.05,26.51,15.87,141.23,0.93,0.92,231.0,0.62,25.88,106.0,31.9
62,18.9,1886,15.37,22.07,27.83,17.33,168.33,0.77,0.81,240.3,0.54,27.48,85.6,15.71,21.64,27.52,17.29,229.98,0.78,0.82,232.8,0.75,26.92,96.6,13.58,21.27,27.3,15.86,37.5,0.74,0.76,344.8,0.53,26.68,28.2,13.83,22.69,30.3,16.58,21.86,0.63,0.61,277.2,0.65,27.55,20.0,15.05,21.69,27.27,16.71,31.77,0.82,0.83,242.3,0.49,26.23,65.4,15.23,21.15,26.93,16.94,227.48,0.9,0.91,250.7,0.65,26.57,154.0,24.4
63,18.9,1887,15.14,21.19,27.18,16.7,173.21,0.9,0.91,238.1,0.7,25.2,133.0,15.31,20.78,25.95,17.18,374.92,0.96,0.95,234.8,0.95,25.51,298.0,15.07,21.05,26.51,15.87,141.23,0.93,0.92,231.0,0.62,25.88,106.0,14.92,22.73,31.08,18.08,95.41,0.57,0.56,236.2,0.9,26.65,32.3,11.9,22.63,31.48,15.95,10.25,0.56,0.44,297.6,0.83,26.83,24.4,15.02,21.65,28.3,16.77,335.5,0.65,0.7,239.2,0.74,26.17,109.0,29.3
64,57.6,1929,13.83,23.47,31.47,14.36,46.94,0.58,0.52,237.0,0.72,28.2,18.9,15.37,22.07,27.83,17.33,168.33,0.77,0.81,240.3,0.54,27.48,85.6,15.71,21.64,27.52,17.29,229.98,0.78,0.82,232.8,0.75,26.92,96.6,13.58,21.27,27.3,15.86,37.5,0.74,0.76,344.8,0.53,26.68,28.2,13.83,22.69,30.3,16.58,21.86,0.63,0.61,277.2,0.65,27.55,20.0,15.05,21.69,27.27,16.71,31.77,0.82,0.83,242.3,0.49,26.23,65.4,32.3
65,85.6,1949,15.71,21.64,27.52,17.29,229.98,0.78,0.82,232.8,0.75,26.92,96.6,13.58,21.27,27.3,15.86,37.5,0.74,0.76,344.8,0.53,26.68,28.2,13.83,22.69,30.3,16.58,21.86,0.63,0.61,277.2,0.65,27.55,20.0,15.05,21.69,27.27,16.71,31.77,0.82,0.83,242.3,0.49,26.23,65.4,15.23,21.15,26.93,16.94,227.48,0.9,0.91,250.7,0.65,26.57,154.0,14.89,22.9,30.78,17.93,120.39,0.61,0.62,250.4,0.62,28.35,18.9,109.0
66,96.6,1983,13.58,21.27,27.3,15.86,37.5,0.74,0.76,344.8,0.53,26.68,28.2,13.83,22.69,30.3,16.58,21.86,0.63,0.61,277.2,0.65,27.55,20.0,15.05,21.69,27.27,16.71,31.77,0.82,0.83,242.3,0.49,26.23,65.4,15.23,21.15,26.93,16.94,227.48,0.9,0.91,250.7,0.65,26.57,154.0,14.89,22.9,30.78,17.93,120.39,0.61,0.62,250.4,0.62,28.35,18.9,15.14,21.19,27.18,16.7,173.21,0.9,0.91,238.1,0.7,25.2,133.0,75.0
67,154.0,2029,14.89,22.9,30.78,17.93,120.39,0.61,0.62,250.4,0.62,28.35,18.9,15.14,21.19,27.18,16.7,173.21,0.9,0.91,238.1,0.7,25.2,133.0,15.31,20.78,25.95,17.18,374.92,0.96,0.95,234.8,0.95,25.51,298.0,15.07,21.05,26.51,15.87,141.23,0.93,0.92,231.0,0.62,25.88,106.0,14.92,22.73,31.08,18.08,95.41,0.57,0.56,236.2,0.9,26.65,32.3,11.9,22.63,31.48,15.95,10.25,0.56,0.44,297.6,0.83,26.83,24.4,64.3
68,139.0,2056,16.04,21.21,26.87,17.66,260.62,0.92,0.92,241.2,0.95,26.14,205.0,15.59,21.62,26.84,17.95,91.34,0.92,0.91,231.1,0.62,26.09,101.0,15.55,22.23,28.7,18.07,178.75,0.69,0.73,218.3,0.65,28.14,57.6,13.83,23.47,31.47,14.36,46.94,0.58,0.52,237.0,0.72,28.2,18.9,15.37,22.07,27.83,17.33,168.33,0.77,0.81,240.3,0.54,27.48,85.6,15.71,21.64,27.52,17.29,229.98,0.78,0.82,232.8,0.75,26.92,96.6,133.0
69,205.0,2086,15.59,21.62,26.84,17.95,91.34,0.92,0.91,231.1,0.62,26.09,101.0,15.55,22.23,28.7,18.07,178.75,0.69,0.73,218.3,0.65,28.14,57.6,13.83,23.47,31.47,14.36,46.94,0.58,0.52,237.0,0.72,28.2,18.9,15.37,22.07,27.83,17.33,168.33,0.77,0.81,240.3,0.54,27.48,85.6,15.71,21.64,27.52,17.29,229.98,0.78,0.82,232.8,0.75,26.92,96.6,13.58,21.27,27.3,15.86,37.5,0.74,0.76,344.8,0.53,26.68,28.2,298.0
70,101.0,2124,15.55,22.23,28.7,18.07,178.75,0.69,0.73,218.3,0.65,28.14,57.6,13.83,23.47,31.47,14.36,46.94,0.58,0.52,237.0,0.72,28.2,18.9,15.37,22.07,27.83,17.33,168.33,0.77,0.81,240.3,0.54,27.48,85.6,15.71,21.64,27.52,17.29,229.98,0.78,0.82,232.8,0.75,26.92,96.6,13.58,21.27,27.3,15.86,37.5,0.74,0.76,344.8,0.53,26.68,28.2,13.83,22.69,30.3,16.58,21.86,0.63,0.61,277.2,0.65,27.55,20.0,106.0
71,65.4,2160,15.23,21.15,26.93,16.94,227.48,0.9,0.91,250.7,0.65,26.57,154.0,14.89,22.9,30.78,17.93,120.39,0.61,0.62,250.4,0.62,28.35,18.9,15.14,21.19,27.18,16.7,173.21,0.9,0.91,238.1,0.7,25.2,133.0,15.31,20.78,25.95,17.18,374.92,0.96,0.95,234.8,0.95,25.51,298.0,15.07,21.05,26.51,15.87,141.23,0.93,0.92,231.0,0.62,25.88,106.0,14.92,22.73,31.08,18.08,95.41,0.57,0.56,236.2,0.9,26.65,32.3,45.7
72,35.0,2188,13.41,22.78,30.19,17.6,12.59,0.61,0.57,270.7,0.53,26.4,24.3,14.15,20.66,26.02,17.32,18.16,0.86,0.87,254.3,0.44,23.62,71.2,15.51,20.65,24.41,17.35,258.78,0.87,0.89,246.6,1.21,23.64,246.0,13.67,23.46,31.24,17.91,44.53,0.56,0.51,236.9,0.73,26.93,18.2,15.55,21.44,27.04,16.0,143.76,0.9,0.9,241.5,0.76,26.56,139.0,16.04,21.21,26.87,17.66,260.62,0.92,0.92,241.2,0.95,26.14,205.0,28.2
73,24.3,2217,14.15,20.66,26.02,17.32,18.16,0.86,0.87,254.3,0.44,23.62,71.2,15.51,20.65,24.41,17.35,258.78,0.87,0.89,246.6,1.21,23.64,246.0,13.67,23.46,31.24,17.91,44.53,0.56,0.51,236.9,0.73,26.93,18.2,15.55,21.44,27.04,16.0,143.76,0.9,0.9,241.5,0.76,26.56,139.0,16.04,21.21,26.87,17.66,260.62,0.92,0.92,241.2,0.95,26.14,205.0,15.59,21.62,26.84,17.95,91.34,0.92,0.91,231.1,0.62,26.09,101.0,20.0
74,21.5,2225,15.24,21.44,28.04,18.62,122.6,0.63,0.66,247.5,1.04,24.44,78.4,14.87,20.85,26.34,16.95,195.9,0.75,0.8,249.4,0.7,23.74,102.0,13.62,21.75,27.81,13.8,65.8,0.68,0.69,309.0,0.51,26.34,35.0,13.41,22.78,30.19,17.6,12.59,0.61,0.57,270.7,0.53,26.4,24.3,14.15,20.66,26.02,17.32,18.16,0.86,0.87,254.3,0.44,23.62,71.2,15.51,20.65,24.41,17.35,258.78,0.87,0.89,246.6,1.21,23.64,246.0,18.9
75,18.2,2262,15.55,21.44,27.04,16.0,143.76,0.9,0.9,241.5,0.76,26.56,139.0,16.04,21.21,26.87,17.66,260.62,0.92,0.92,241.2,0.95,26.14,205.0,15.59,21.62,26.84,17.95,91.34,0.92,0.91,231.1,0.62,26.09,101.0,15.55,22.23,28.7,18.07,178.75,0.69,0.73,218.3,0.65,28.14,57.6,13.83,23.47,31.47,14.36,46.94,0.58,0.52,237.0,0.72,28.2,18.9,15.37,22.07,27.83,17.33,168.33,0.77,0.81,240.3,0.54,27.48,85.6,18.9
76,34.1,2292,12.94,23.27,31.62,17.65,18.08,0.56,0.45,234.2,0.76,27.06,21.5,15.24,21.44,28.04,18.62,122.6,0.63,0.66,247.5,1.04,24.44,78.4,14.87,20.85,26.34,16.95,195.9,0.75,0.8,249.4,0.7,23.74,102.0,13.62,21.75,27.81,13.8,65.8,0.68,0.69,309.0,0.51,26.34,35.0,13.41,22.78,30.19,17.6,12.59,0.61,0.57,270.7,0.53,26.4,24.3,14.15,20.66,26.02,17.32,18.16,0.86,0.87,254.3,0.44,23.62,71.2,57.6
77,78.4,2317,14.87,20.85,26.34,16.95,195.9,0.75,0.8,249.4,0.7,23.74,102.0,13.62,21.75,27.81,13.8,65.8,0.68,0.69,309.0,0.51,26.34,35.0,13.41,22.78,30.19,17.6,12.59,0.61,0.57,270.7,0.53,26.4,24.3,14.15,20.66,26.02,17.32,18.16,0.86,0.87,254.3,0.44,23.62,71.2,15.51,20.65,24.41,17.35,258.78,0.87,0.89,246.6,1.21,23.64,246.0,13.67,23.46,31.24,17.91,44.53,0.56,0.51,236.9,0.73,26.93,18.2,85.6
78,102.0,2371,13.62,21.75,27.81,13.8,65.8,0.68,0.69,309.0,0.51,26.34,35.0,13.41,22.78,30.19,17.6,12.59,0.61,0.57,270.7,0.53,26.4,24.3,14.15,20.66,26.02,17.32,18.16,0.86,0.87,254.3,0.44,23.62,71.2,15.51,20.65,24.41,17.35,258.78,0.87,0.89,246.6,1.21,23.64,246.0,13.67,23.46,31.24,17.91,44.53,0.56,0.51,236.9,0.73,26.93,18.2,15.55,21.44,27.04,16.0,143.76,0.9,0.9,241.5,0.76,26.56,139.0,96.6
79,246.0,2379,13.67,23.46,31.24,17.91,44.53,0.56,0.51,236.9,0.73,26.93,18.2,15.55,21.44,27.04,16.0,143.76,0.9,0.9,241.5,0.76,26.56,139.0,16.04,21.21,26.87,17.66,260.62,0.92,0.92,241.2,0.95,26.14,205.0,15.59,21.62,26.84,17.95,91.34,0.92,0.91,231.1,0.62,26.09,101.0,15.55,22.23,28.7,18.07,178.75,0.69,0.73,218.3,0.65,28.14,57.6,13.83,23.47,31.47,14.36,46.94,0.58,0.52,237.0,0.72,28.2,18.9,154.0
80,396.0,2411,15.27,20.72,25.82,16.69,202.47,0.95,0.94,245.4,1.09,23.43,436.0,15.23,20.74,25.57,16.56,215.18,0.95,0.94,244.1,0.92,23.44,163.0,15.09,23.02,31.07,18.93,73.97,0.57,0.56,230.6,0.77,25.68,34.1,12.94,23.27,31.62,17.65,18.08,0.56,0.45,234.2,0.76,27.06,21.5,15.24,21.44,28.04,18.62,122.6,0.63,0.66,247.5,1.04,24.44,78.4,14.87,20.85,26.34,16.95,195.9,0.75,0.8,249.4,0.7,23.74,102.0,139.0
81,436.0,2452,15.23,20.74,25.57,16.56,215.18,0.95,0.94,244.1,0.92,23.44,163.0,15.09,23.02,31.07,18.93,73.97,0.57,0.56,230.6,0.77,25.68,34.1,12.94,23.27,31.62,17.65,18.08,0.56,0.45,234.2,0.76,27.06,21.5,15.24,21.44,28.04,18.62,122.6,0.63,0.66,247.5,1.04,24.44,78.4,14.87,20.85,26.34,16.95,195.9,0.75,0.8,249.4,0.7,23.74,102.0,13.62,21.75,27.81,13.8,65.8,0.68,0.69,309.0,0.51,26.34,35.0,205.0
82,163.0,2495,15.09,23.02,31.07,18.93,73.97,0.57,0.56,230.6,0.77,25.68,34.1,12.94,23.27,31.62,17.65,18.08,0.56,0.45,234.2,0.76,27.06,21.5,15.24,21.44,28.04,18.62,122.6,0.63,0.66,247.5,1.04,24.44,78.4,14.87,20.85,26.34,16.95,195.9,0.75,0.8,249.4,0.7,23.74,102.0,13.62,21.75,27.81,13.8,65.8,0.68,0.69,309.0,0.51,26.34,35.0,13.41,22.78,30.19,17.6,12.59,0.61,0.57,270.7,0.53,26.4,24.3,101.0
83,71.2,2520,15.51,20.65,24.41,17.35,258.78,0.87,0.89,246.6,1.21,23.64,246.0,13.67,23.46,31.24,17.91,44.53,0.56,0.51,236.9,0.73,26.93,18.2,15.55,21.44,27.04,16.0,143.76,0.9,0.9,241.5,0.76,26.56,139.0,16.04,21.21,26.87,17.66,260.62,0.92,0.92,241.2,0.95,26.14,205.0,15.59,21.62,26.84,17.95,91.34,0.92,0.91,231.1,0.62,26.09,101.0,15.55,22.23,28.7,18.07,178.75,0.69,0.73,218.3,0.65,28.14,57.6,65.4
84,44.6,2558,11.65,21.98,30.79,16.9,3.85,0.59,0.49,6.0,0.8,25.44,35.5,14.2,20.58,25.55,15.73,80.16,0.85,0.86,236.3,0.75,24.85,64.9,15.0,21.14,27.27,17.11,141.44,0.8,0.83,239.7,0.73,24.72,121.0,12.64,23.98,31.55,18.07,6.06,0.53,0.36,242.3,0.69,26.72,25.9,15.46,20.69,25.63,17.74,237.12,0.92,0.92,247.9,1.13,23.81,396.0,15.27,20.72,25.82,16.69,202.47,0.95,0.94,245.4,1.09,23.43,436.0,35.0
85,35.5,2585,14.2,20.58,25.55,15.73,80.16,0.85,0.86,236.3,0.75,24.85,64.9,15.0,21.14,27.27,17.11,141.44,0.8,0.83,239.7,0.73,24.72,121.0,12.64,23.98,31.55,18.07,6.06,0.53,0.36,242.3,0.69,26.72,25.9,15.46,20.69,25.63,17.74,237.12,0.92,0.92,247.9,1.13,23.81,396.0,15.27,20.72,25.82,16.69,202.47,0.95,0.94,245.4,1.09,23.43,436.0,15.23,20.74,25.57,16.56,215.18,0.95,0.94,244.1,0.92,23.44,163.0,24.3
86,30.2,2617,15.31,21.59,28.72,17.11,247.08,0.7,0.76,231.1,0.78,26.3,80.0,15.07,21.15,27.19,17.17,113.06,0.79,0.82,237.2,0.67,25.35,76.9,13.43,21.35,26.96,17.21,13.61,0.71,0.72,290.0,0.41,24.22,44.6,11.65,21.98,30.79,16.9,3.85,0.59,0.49,6.0,0.8,25.44,35.5,14.2,20.58,25.55,15.73,80.16,0.85,0.86,236.3,0.75,24.85,64.9,15.0,21.14,27.27,17.11,141.44,0.8,0.83,239.7,0.73,24.72,121.0,21.5
87,25.9,2638,15.46,20.69,25.63,17.74,237.12,0.92,0.92,247.9,1.13,23.81,396.0,15.27,20.72,25.82,16.69,202.47,0.95,0.94,245.4,1.09,23.43,436.0,15.23,20.74,25.57,16.56,215.18,0.95,0.94,244.1,0.92,23.44,163.0,15.09,23.02,31.07,18.93,73.97,0.57,0.56,230.6,0.77,25.68,34.1,12.94,23.27,31.62,17.65,18.08,0.56,0.45,234.2,0.76,27.06,21.5,15.24,21.44,28.04,18.62,122.6,0.63,0.66,247.5,1.04,24.44,78.4,18.2
88,56.1,2648,11.38,22.5,30.98,16.16,7.83,0.55,0.42,256.1,0.84,26.19,30.2,15.31,21.59,28.72,17.11,247.08,0.7,0.76,231.1,0.78,26.3,80.0,15.07,21.15,27.19,17.17,113.06,0.79,0.82,237.2,0.67,25.35,76.9,13.43,21.35,26.96,17.21,13.61,0.71,0.72,290.0,0.41,24.22,44.6,11.65,21.98,30.79,16.9,3.85,0.59,0.49,6.0,0.8,25.44,35.5,14.2,20.58,25.55,15.73,80.16,0.85,0.86,236.3,0.75,24.85,64.9,34.1
89,80.0,2682,15.07,21.15,27.19,17.17,113.06,0.79,0.82,237.2,0.67,25.35,76.9,13.43,21.35,26.96,17.21,13.61,0.71,0.72,290.0,0.41,24.22,44.6,11.65,21.98,30.79,16.9,3.85,0.59,0.49,6.0,0.8,25.44,35.5,14.2,20.58,25.55,15.73,80.16,0.85,0.86,236.3,0.75,24.85,64.9,15.0,21.14,27.27,17.11,141.44,0.8,0.83,239.7,0.73,24.72,121.0,12.64,23.98,31.55,18.07,6.06,0.53,0.36,242.3,0.69,26.72,25.9,78.4
90,76.9,2724,13.43,21.35,26.96,17.21,13.61,0.71,0.72,290.0,0.41,24.22,44.6,11.65,21.98,30.79,16.9,3.85,0.59,0.49,6.0,0.8,25.44,35.5,14.2,20.58,25.55,15.73,80.16,0.85,0.86,236.3,0.75,24.85,64.9,15.0,21.14,27.27,17.11,141.44,0.8,0.83,239.7,0.73,24.72,121.0,12.64,23.98,31.55,18.07,6.06,0.53,0.36,242.3,0.69,26.72,25.9,15.46,20.69,25.63,17.74,237.12,0.92,0.92,247.9,1.13,23.81,396.0,102.0
91,121.0,2744,12.64,23.98,31.55,18.07,6.06,0.53,0.36,242.3,0.69,26.72,25.9,15.46,20.69,25.63,17.74,237.12,0.92,0.92,247.9,1.13,23.81,396.0,15.27,20.72,25.82,16.69,202.47,0.95,0.94,245.4,1.09,23.43,436.0,15.23,20.74,25.57,16.56,215.18,0.95,0.94,244.1,0.92,23.44,163.0,15.09,23.02,31.07,18.93,73.97,0.57,0.56,230.6,0.77,25.68,34.1,12.94,23.27,31.62,17.65,18.08,0.56,0.45,234.2,0.76,27.06,21.5,246.0
92,217.0,2773,15.17,21.01,26.85,16.54,180.02,0.88,0.89,238.4,0.81,24.58,169.0,15.79,21.23,26.56,18.12,95.45,0.89,0.89,230.0,1.05,24.51,124.0,14.8,22.65,30.88,18.41,106.6,0.56,0.55,233.9,0.79,26.42,56.1,11.38,22.5,30.98,16.16,7.83,0.55,0.42,256.1,0.84,26.19,30.2,15.31,21.59,28.72,17.11,247.08,0.7,0.76,231.1,0.78,26.3,80.0,15.07,21.15,27.19,17.17,113.06,0.79,0.82,237.2,0.67,25.35,76.9,396.0
93,169.0,2831,15.79,21.23,26.56,18.12,95.45,0.89,0.89,230.0,1.05,24.51,124.0,14.8,22.65,30.88,18.41,106.6,0.56,0.55,233.9,0.79,26.42,56.1,11.38,22.5,30.98,16.16,7.83,0.55,0.42,256.1,0.84,26.19,30.2,15.31,21.59,28.72,17.11,247.08,0.7,0.76,231.1,0.78,26.3,80.0,15.07,21.15,27.19,17.17,113.06,0.79,0.82,237.2,0.67,25.35,76.9,13.43,21.35,26.96,17.21,13.61,0.71,0.72,290.0,0.41,24.22,44.6,436.0
94,124.0,2852,14.8,22.65,30.88,18.41,106.6,0.56,0.55,233.9,0.79,26.42,56.1,11.38,22.5,30.98,16.16,7.83,0.55,0.42,256.1,0.84,26.19,30.2,15.31,21.59,28.72,17.11,247.08,0.7,0.76,231.1,0.78,26.3,80.0,15.07,21.15,27.19,17.17,113.06,0.79,0.82,237.2,0.67,25.35,76.9,13.43,21.35,26.96,17.21,13.61,0.71,0.72,290.0,0.41,24.22,44.6,11.65,21.98,30.79,16.9,3.85,0.59,0.49,6.0,0.8,25.44,35.5,163.0
95,64.9,2892,15.0,21.14,27.27,17.11,141.44,0.8,0.83,239.7,0.73,24.72,121.0,12.64,23.98,31.55,18.07,6.06,0.53,0.36,242.3,0.69,26.72,25.9,15.46,20.69,25.63,17.74,237.12,0.92,0.92,247.9,1.13,23.81,396.0,15.27,20.72,25.82,16.69,202.47,0.95,0.94,245.4,1.09,23.43,436.0,15.23,20.74,25.57,16.56,215.18,0.95,0.94,244.1,0.92,23.44,163.0,15.09,23.02,31.07,18.93,73.97,0.57,0.56,230.6,0.77,25.68,34.1,71.2
96,38.5,2923,12.25,22.11,29.95,17.08,14.86,0.6,0.54,284.9,0.69,26.42,27.2,14.64,21.27,26.42,16.84,52.8,0.84,0.85,233.3,0.63,25.15,58.1,15.4,21.52,27.58,17.31,154.13,0.82,0.85,242.4,0.68,25.23,96.6,13.34,23.7,31.46,16.59,42.41,0.54,0.45,234.5,0.74,27.49,28.1,15.49,20.8,25.75,17.8,196.74,0.87,0.89,245.4,1.18,24.6,217.0,15.17,21.01,26.85,16.54,180.02,0.88,0.89,238.4,0.81,24.58,169.0,44.6
97,27.2,2949,14.64,21.27,26.42,16.84,52.8,0.84,0.85,233.3,0.63,25.15,58.1,15.4,21.52,27.58,17.31,154.13,0.82,0.85,242.4,0.68,25.23,96.6,13.34,23.7,31.46,16.59,42.41,0.54,0.45,234.5,0.74,27.49,28.1,15.49,20.8,25.75,17.8,196.74,0.87,0.89,245.4,1.18,24.6,217.0,15.17,21.01,26.85,16.54,180.02,0.88,0.89,238.4,0.81,24.58,169.0,15.79,21.23,26.56,18.12,95.45,0.89,0.89,230.0,1.05,24.51,124.0,35.5
98,23.6,2964,15.86,21.92,28.34,18.67,150.76,0.78,0.82,231.0,0.61,26.58,117.0,15.13,21.26,26.74,16.85,126.79,0.81,0.84,235.2,0.68,25.81,115.0,13.92,21.69,27.82,17.31,24.82,0.7,0.71,266.6,0.41,25.37,38.5,12.25,22.11,29.95,17.08,14.86,0.6,0.54,284.9,0.69,26.42,27.2,14.64,21.27,26.42,16.84,52.8,0.84,0.85,233.3,0.63,25.15,58.1,15.4,21.52,27.58,17.31,154.13,0.82,0.85,242.4,0.68,25.23,96.6,30.2
99,28.1,2994,15.49,20.8,25.75,17.8,196.74,0.87,0.89,245.4,1.18,24.6,217.0,15.17,21.01,26.85,16.54,180.02,0.88,0.89,238.4,0.81,24.58,169.0,15.79,21.23,26.56,18.12,95.45,0.89,0.89,230.0,1.05,24.51,124.0,14.8,22.65,30.88,18.41,106.6,0.56,0.55,233.9,0.79,26.42,56.1,11.38,22.5,30.98,16.16,7.83,0.55,0.42,256.1,0.84,26.19,30.2,15.31,21.59,28.72,17.11,247.08,0.7,0.76,231.1,0.78,26.3,80.0,25.9
100,67.9,3025,12.47,23.2,31.31,16.11,22.43,0.56,0.46,290.5,0.74,26.92,23.6,15.86,21.92,28.34,18.67,150.76,0.78,0.82,231.0,0.61,26.58,117.0,15.13,21.26,26.74,16.85,126.79,0.81,0.84,235.2,0.68,25.81,115.0,13.92,21.69,27.82,17.31,24.82,0.7,0.71,266.6,0.41,25.37,38.5,12.25,22.11,29.95,17.08,14.86,0.6,0.54,284.9,0.69,26.42,27.2,14.64,21.27,26.42,16.84,52.8,0.84,0.85,233.3,0.63,25.15,58.1,56.1
101,117.0,3065,15.13,21.26,26.74,16.85,126.79,0.81,0.84,235.2,0.68,25.81,115.0,13.92,21.69,27.82,17.31,24.82,0.7,0.71,266.6,0.41,25.37,38.5,12.25,22.11,29.95,17.08,14.86,0.6,0.54,284.9,0.69,26.42,27.2,14.64,21.27,26.42,16.84,52.8,0.84,0.85,233.3,0.63,25.15,58.1,15.4,21.52,27.58,17.31,154.13,0.82,0.85,242.4,0.68,25.23,96.6,13.34,23.7,31.46,16.59,42.41,0.54,0.45,234.5,0.74,27.49,28.1,80.0
102,115.0,3100,13.92,21.69,27.82,17.31,24.82,0.7,0.71,266.6,0.41,25.37,38.5,12.25,22.11,29.95,17.08,14.86,0.6,0.54,284.9,0.69,26.42,27.2,14.64,21.27,26.42,16.84,52.8,0.84,0.85,233.3,0.63,25.15,58.1,15.4,21.52,27.58,17.31,154.13,0.82,0.85,242.4,0.68,25.23,96.6,13.34,23.7,31.46,16.59,42.41,0.54,0.45,234.5,0.74,27.49,28.1,15.49,20.8,25.75,17.8,196.74,0.87,0.89,245.4,1.18,24.6,217.0,76.9
103,96.6,3115,13.34,23.7,31.46,16.59,42.41,0.54,0.45,234.5,0.74,27.49,28.1,15.49,20.8,25.75,17.8,196.74,0.87,0.89,245.4,1.18,24.6,217.0,15.17,21.01,26.85,16.54,180.02,0.88,0.89,238.4,0.81,24.58,169.0,15.79,21.23,26.56,18.12,95.45,0.89,0.89,230.0,1.05,24.51,124.0,14.8,22.65,30.88,18.41,106.6,0.56,0.55,233.9,0.79,26.42,56.1,11.38,22.5,30.98,16.16,7.83,0.55,0.42,256.1,0.84,26.19,30.2,121.0
104,119.0,3142,15.61,20.79,25.58,17.44,272.33,0.88,0.9,238.9,1.33,24.84,194.0,15.5,21.01,26.57,16.41,95.2,0.91,0.9,231.2,0.94,24.9,149.0,15.74,22.46,29.65,19.25,250.54,0.67,0.72,239.6,0.65,27.41,67.9,12.47,23.2,31.31,16.11,22.43,0.56,0.46,290.5,0.74,26.92,23.6,15.86,21.92,28.34,18.67,150.76,0.78,0.82,231.0,0.61,26.58,117.0,15.13,21.26,26.74,16.85,126.79,0.81,0.84,235.2,0.68,25.81,115.0,217.0
105,194.0,3166,15.5,21.01,26.57,16.41,95.2,0.91,0.9,231.2,0.94,24.9,149.0,15.74,22.46,29.65,19.25,250.54,0.67,0.72,239.6,0.65,27.41,67.9,12.47,23.2,31.31,16.11,22.43,0.56,0.46,290.5,0.74,26.92,23.6,15.86,21.92,28.34,18.67,150.76,0.78,0.82,231.0,0.61,26.58,117.0,15.13,21.26,26.74,16.85,126.79,0.81,0.84,235.2,0.68,25.81,115.0,13.92,21.69,27.82,17.31,24.82,0.7,0.71,266.6,0.41,25.37,38.5,169.0
106,149.0,3223,15.74,22.46,29.65,19.25,250.54,0.67,0.72,239.6,0.65,27.41,67.9,12.47,23.2,31.31,16.11,22.43,0.56,0.46,290.5,0.74,26.92,23.6,15.86,21.92,28.34,18.67,150.76,0.78,0.82,231.0,0.61,26.58,117.0,15.13,21.26,26.74,16.85,126.79,0.81,0.84,235.2,0.68,25.81,115.0,13.92,21.69,27.82,17.31,24.82,0.7,0.71,266.6,0.41,25.37,38.5,12.25,22.11,29.95,17.08,14.86,0.6,0.54,284.9,0.69,26.42,27.2,124.0
107,58.1,3229,15.4,21.52,27.58,17.31,154.13,0.82,0.85,242.4,0.68,25.23,96.6,13.34,23.7,31.46,16.59,42.41,0.54,0.45,234.5,0.74,27.49,28.1,15.49,20.8,25.75,17.8,196.74,0.87,0.89,245.4,1.18,24.6,217.0,15.17,21.01,26.85,16.54,180.02,0.88,0.89,238.4,0.81,24.58,169.0,15.79,21.23,26.56,18.12,95.45,0.89,0.89,230.0,1.05,24.51,124.0,14.8,22.65,30.88,18.41,106.6,0.56,0.55,233.9,0.79,26.42,56.1,64.9
108,54.0,3269,12.69,21.91,29.98,15.57,25.45,0.64,0.62,324.6,0.55,26.41,27.2,14.06,21.15,26.28,16.57,38.38,0.77,0.79,264.8,0.41,26.48,45.0,15.01,21.45,27.57,15.58,72.15,0.73,0.76,236.4,0.71,25.63,64.9,13.36,23.7,31.92,16.95,25.92,0.54,0.43,234.0,0.67,27.53,14.4,15.25,21.08,26.68,17.27,83.29,0.82,0.84,237.5,0.83,25.02,119.0,15.61,20.79,25.58,17.44,272.33,0.88,0.9,238.9,1.33,24.84,194.0,38.5
109,27.2,3314,14.06,21.15,26.28,16.57,38.38,0.77,0.79,264.8,0.41,26.48,45.0,15.01,21.45,27.57,15.58,72.15,0.73,0.76,236.4,0.71,25.63,64.9,13.36,23.7,31.92,16.95,25.92,0.54,0.43,234.0,0.67,27.53,14.4,15.25,21.08,26.68,17.27,83.29,0.82,0.84,237.5,0.83,25.02,119.0,15.61,20.79,25.58,17.44,272.33,0.88,0.9,238.9,1.33,24.84,194.0,15.5,21.01,26.57,16.41,95.2,0.91,0.9,231.2,0.94,24.9,149.0,27.2
110,15.1,3347,15.56,22.3,29.89,18.03,99.88,0.63,0.65,234.4,0.81,27.3,79.4,15.19,21.79,28.23,16.96,150.13,0.69,0.72,231.8,0.52,26.64,75.1,13.7,21.05,26.78,15.22,107.43,0.72,0.74,245.5,0.45,25.79,54.0,12.69,21.91,29.98,15.57,25.45,0.64,0.62,324.6,0.55,26.41,27.2,14.06,21.15,26.28,16.57,38.38,0.77,0.79,264.8,0.41,26.48,45.0,15.01,21.45,27.57,15.58,72.15,0.73,0.76,236.4,0.71,25.63,64.9,23.6
111,14.4,3349,15.25,21.08,26.68,17.27,83.29,0.82,0.84,237.5,0.83,25.02,119.0,15.61,20.79,25.58,17.44,272.33,0.88,0.9,238.9,1.33,24.84,194.0,15.5,21.01,26.57,16.41,95.2,0.91,0.9,231.2,0.94,24.9,149.0,15.74,22.46,29.65,19.25,250.54,0.67,0.72,239.6,0.65,27.41,67.9,12.47,23.2,31.31,16.11,22.43,0.56,0.46,290.5,0.74,26.92,23.6,15.86,21.92,28.34,18.67,150.76,0.78,0.82,231.0,0.61,26.58,117.0,28.1
112,80.4,3381,12.78,23.28,31.14,17.49,8.4,0.58,0.47,242.9,0.78,27.04,15.1,15.56,22.3,29.89,18.03,99.88,0.63,0.65,234.4,0.81,27.3,79.4,15.19,21.79,28.23,16.96,150.13,0.69,0.72,231.8,0.52,26.64,75.1,13.7,21.05,26.78,15.22,107.43,0.72,0.74,245.5,0.45,25.79,54.0,12.69,21.91,29.98,15.57,25.45,0.64,0.62,324.6,0.55,26.41,27.2,14.06,21.15,26.28,16.57,38.38,0.77,0.79,264.8,0.41,26.48,45.0,67.9
113,79.4,3419,15.19,21.79,28.23,16.96,150.13,0.69,0.72,231.8,0.52,26.64,75.1,13.7,21.05,26.78,15.22,107.43,0.72,0.74,245.5,0.45,25.79,54.0,12.69,21.91,29.98,15.57,25.45,0.64,0.62,324.6,0.55,26.41,27.2,14.06,21.15,26.28,16.57,38.38,0.77,0.79,264.8,0.41,26.48,45.0,15.01,21.45,27.57,15.58,72.15,0.73,0.76,236.4,0.71,25.63,64.9,13.36,23.7,31.92,16.95,25.92,0.54,0.43,234.0,0.67,27.53,14.4,117.0
114,75.1,3454,13.7,21.05,26.78,15.22,107.43,0.72,0.74,245.5,0.45,25.79,54.0,12.69,21.91,29.98,15.57,25.45,0.64,0.62,324.6,0.55,26.41,27.2,14.06,21.15,26.28,16.57,38.38,0.77,0.79,264.8,0.41,26.48,45.0,15.01,21.45,27.57,15.58,72.15,0.73,0.76,236.4,0.71,25.63,64.9,13.36,23.7,31.92,16.95,25.92,0.54,0.43,234.0,0.67,27.53,14.4,15.25,21.08,26.68,17.27,83.29,0.82,0.84,237.5,0.83,25.02,119.0,115.0
115,64.9,3497,13.36,23.7,31.92,16.95,25.92,0.54,0.43,234.0,0.67,27.53,14.4,15.25,21.08,26.68,17.27,83.29,0.82,0.84,237.5,0.83,25.02,119.0,15.61,20.79,25.58,17.44,272.33,0.88,0.9,238.9,1.33,24.84,194.0,15.5,21.01,26.57,16.41,95.2,0.91,0.9,231.2,0.94,24.9,149.0,15.74,22.46,29.65,19.25,250.54,0.67,0.72,239.6,0.65,27.41,67.9,12.47,23.2,31.31,16.11,22.43,0.56,0.46,290.5,0.74,26.92,23.6,96.6
116,100.0,3510,15.11,20.96,26.42,16.94,196.4,0.85,0.87,247.9,0.74,25.59,160.0,14.82,21.07,26.55,16.13,105.03,0.83,0.85,241.1,0.57,26.05,2.0,15.63,22.61,29.54,18.34,96.38,0.59,0.6,247.6,0.81,27.49,80.4,12.78,23.28,31.14,17.49,8.4,0.58,0.47,242.9,0.78,27.04,15.1,15.56,22.3,29.89,18.03,99.88,0.63,0.65,234.4,0.81,27.3,79.4,15.19,21.79,28.23,16.96,150.13,0.69,0.72,231.8,0.52,26.64,75.1,119.0
117,160.0,3555,14.82,21.07,26.55,16.13,105.03,0.83,0.85,241.1,0.57,26.05,2.0,15.63,22.61,29.54,18.34,96.38,0.59,0.6,247.6,0.81,27.49,80.4,12.78,23.28,31.14,17.49,8.4,0.58,0.47,242.9,0.78,27.04,15.1,15.56,22.3,29.89,18.03,99.88,0.63,0.65,234.4,0.81,27.3,79.4,15.19,21.79,28.23,16.96,150.13,0.69,0.72,231.8,0.52,26.64,75.1,13.7,21.05,26.78,15.22,107.43,0.72,0.74,245.5,0.45,25.79,54.0,194.0
118,2.0,3572,15.63,22.61,29.54,18.34,96.38,0.59,0.6,247.6,0.81,27.49,80.4,12.78,23.28,31.14,17.49,8.4,0.58,0.47,242.9,0.78,27.04,15.1,15.56,22.3,29.89,18.03,99.88,0.63,0.65,234.4,0.81,27.3,79.4,15.19,21.79,28.23,16.96,150.13,0.69,0.72,231.8,0.52,26.64,75.1,13.7,21.05,26.78,15.22,107.43,0.72,0.74,245.5,0.45,25.79,54.0,12.69,21.91,29.98,15.57,25.45,0.64,0.62,324.6,0.55,26.41,27.2,149.0
119,45.0,3622,15.01,21.45,27.57,15.58,72.15,0.73,0.76,236.4,0.71,25.63,64.9,13.36,23.7,31.92,16.95,25.92,0.54,0.43,234.0,0.67,27.53,14.4,15.25,21.08,26.68,17.27,83.29,0.82,0.84,237.5,0.83,25.02,119.0,15.61,20.79,25.58,17.44,272.33,0.88,0.9,238.9,1.33,24.84,194.0,15.5,21.01,26.57,16.41,95.2,0.91,0.9,231.2,0.94,24.9,149.0,15.74,22.46,29.65,19.25,250.54,0.67,0.72,239.6,0.65,27.41,67.9,58.1
120,28.1,3652,12.66,22.74,31.26,16.99,26.92,0.57,0.49,249.6,0.7,27.67,17.9,14.17,21.12,27.13,17.05,23.94,0.73,0.75,245.3,0.5,24.87,58.0,15.28,21.35,26.99,17.45,120.8,0.81,0.84,238.6,0.68,25.03,63.7,13.76,24.05,32.32,18.77,28.24,0.53,0.41,243.4,0.7,28.75,6.9,15.17,21.32,27.5,17.94,155.15,0.72,0.77,246.8,0.77,25.26,100.0,15.11,20.96,26.42,16.94,196.4,0.85,0.87,247.9,0.74,25.59,160.0,54.0
121,17.9,3682,14.17,21.12,27.13,17.05,23.94,0.73,0.75,245.3,0.5,24.87,58.0,15.28,21.35,26.99,17.45,120.8,0.81,0.84,238.6,0.68,25.03,63.7,13.76,24.05,32.32,18.77,28.24,0.53,0.41,243.4,0.7,28.75,6.9,15.17,21.32,27.5,17.94,155.15,0.72,0.77,246.8,0.77,25.26,100.0,15.11,20.96,26.42,16.94,196.4,0.85,0.87,247.9,0.74,25.59,160.0,14.82,21.07,26.55,16.13,105.03,0.83,0.85,241.1,0.57,26.05,2.0,27.2
122,11.2,3713,15.92,22.65,28.8,18.78,86.1,0.63,0.65,231.7,0.84,27.17,80.9,15.31,21.18,27.36,17.59,192.84,0.72,0.78,234.4,0.71,25.75,73.8,12.99,21.88,28.43,16.17,2.91,0.63,0.61,262.1,0.53,27.03,28.1,12.66,22.74,31.26,16.99,26.92,0.57,0.49,249.6,0.7,27.67,17.9,14.17,21.12,27.13,17.05,23.94,0.73,0.75,245.3,0.5,24.87,58.0,15.28,21.35,26.99,17.45,120.8,0.81,0.84,238.6,0.68,25.03,63.7,15.1
123,6.9,3724,15.17,21.32,27.5,17.94,155.15,0.72,0.77,246.8,0.77,25.26,100.0,15.11,20.96,26.42,16.94,196.4,0.85,0.87,247.9,0.74,25.59,160.0,14.82,21.07,26.55,16.13,105.03,0.83,0.85,241.1,0.57,26.05,2.0,15.63,22.61,29.54,18.34,96.38,0.59,0.6,247.6,0.81,27.49,80.4,12.78,23.28,31.14,17.49,8.4,0.58,0.47,242.9,0.78,27.04,15.1,15.56,22.3,29.89,18.03,99.88,0.63,0.65,234.4,0.81,27.3,79.4,14.4
124,18.7,3757,12.06,23.77,32.82,17.22,10.32,0.54,0.41,285.5,0.83,28.26,11.2,15.92,22.65,28.8,18.78,86.1,0.63,0.65,231.7,0.84,27.17,80.9,15.31,21.18,27.36,17.59,192.84,0.72,0.78,234.4,0.71,25.75,73.8,12.99,21.88,28.43,16.17,2.91,0.63,0.61,262.1,0.53,27.03,28.1,12.66,22.74,31.26,16.99,26.92,0.57,0.49,249.6,0.7,27.67,17.9,14.17,21.12,27.13,17.05,23.94,0.73,0.75,245.3,0.5,24.87,58.0,80.4
125,80.9,3776,15.31,21.18,27.36,17.59,192.84,0.72,0.78,234.4,0.71,25.75,73.8,12.99,21.88,28.43,16.17,2.91,0.63,0.61,262.1,0.53,27.03,28.1,12.66,22.74,31.26,16.99,26.92,0.57,0.49,249.6,0.7,27.67,17.9,14.17,21.12,27.13,17.05,23.94,0.73,0.75,245.3,0.5,24.87,58.0,15.28,21.35,26.99,17.45,120.8,0.81,0.84,238.6,0.68,25.03,63.7,13.76,24.05,32.32,18.77,28.24,0.53,0.41,243.4,0.7,28.75,6.9,79.4
126,73.8,3830,12.99,21.88,28.43,16.17,2.91,0.63,0.61,262.1,0.53,27.03,28.1,12.66,22.74,31.26,16.99,26.92,0.57,0.49,249.6,0.7,27.67,17.9,14.17,21.12,27.13,17.05,23.94,0.73,0.75,245.3,0.5,24.87,58.0,15.28,21.35,26.99,17.45,120.8,0.81,0.84,238.6,0.68,25.03,63.7,13.76,24.05,32.32,18.77,28.24,0.53,0.41,243.4,0.7,28.75,6.9,15.17,21.32,27.5,17.94,155.15,0.72,0.77,246.8,0.77,25.26,100.0,75.1
127,63.7,3860,13.76,24.05,32.32,18.77,28.24,0.53,0.41,243.4,0.7,28.75,6.9,15.17,21.32,27.5,17.94,155.15,0.72,0.77,246.8,0.77,25.26,100.0,15.11,20.96,26.42,16.94,196.4,0.85,0.87,247.9,0.74,25.59,160.0,14.82,21.07,26.55,16.13,105.03,0.83,0.85,241.1,0.57,26.05,2.0,15.63,22.61,29.54,18.34,96.38,0.59,0.6,247.6,0.81,27.49,80.4,12.78,23.28,31.14,17.49,8.4,0.58,0.47,242.9,0.78,27.04,15.1,64.9
128,105.0,3872,15.5,20.98,26.44,16.46,144.1,0.83,0.86,242.7,0.82,24.64,168.0,15.24,21.09,26.49,17.04,64.68,0.81,0.83,229.5,0.77,24.64,107.0,15.29,23.23,30.84,17.86,115.94,0.59,0.59,234.5,0.75,28.44,18.7,12.06,23.77,32.82,17.22,10.32,0.54,0.41,285.5,0.83,28.26,11.2,15.92,22.65,28.8,18.78,86.1,0.63,0.65,231.7,0.84,27.17,80.9,15.31,21.18,27.36,17.59,192.84,0.72,0.78,234.4,0.71,25.75,73.8,100.0
129,168.0,3914,15.24,21.09,26.49,17.04,64.68,0.81,0.83,229.5,0.77,24.64,107.0,15.29,23.23,30.84,17.86,115.94,0.59,0.59,234.5,0.75,28.44,18.7,12.06,23.77,32.82,17.22,10.32,0.54,0.41,285.5,0.83,28.26,11.2,15.92,22.65,28.8,18.78,86.1,0.63,0.65,231.7,0.84,27.17,80.9,15.31,21.18,27.36,17.59,192.84,0.72,0.78,234.4,0.71,25.75,73.8,12.99,21.88,28.43,16.17,2.91,0.63,0.61,262.1,0.53,27.03,28.1,160.0
130,107.0,3947,15.29,23.23,30.84,17.86,115.94,0.59,0.59,234.5,0.75,28.44,18.7,12.06,23.77,32.82,17.22,10.32,0.54,0.41,285.5,0.83,28.26,11.2,15.92,22.65,28.8,18.78,86.1,0.63,0.65,231.7,0.84,27.17,80.9,15.31,21.18,27.36,17.59,192.84,0.72,0.78,234.4,0.71,25.75,73.8,12.99,21.88,28.43,16.17,2.91,0.63,0.61,262.1,0.53,27.03,28.1,12.66,22.74,31.26,16.99,26.92,0.57,0.49,249.6,0.7,27.67,17.9,2.0
131,58.0,3988,15.28,21.35,26.99,17.45,120.8,0.81,0.84,238.6,0.68,25.03,63.7,13.76,24.05,32.32,18.77,28.24,0.53,0.41,243.4,0.7,28.75,6.9,15.17,21.32,27.5,17.94,155.15,0.72,0.77,246.8,0.77,25.26,100.0,15.11,20.96,26.42,16.94,196.4,0.85,0.87,247.9,0.74,25.59,160.0,14.82,21.07,26.55,16.13,105.03,0.83,0.85,241.1,0.57,26.05,2.0,15.63,22.61,29.54,18.34,96.38,0.59,0.6,247.6,0.81,27.49,80.4,45.0
132,27.2,4082,15.33,21.11,26.38,17.11,106.7,0.78,0.81,246.1,0.95,24.83,105.0,15.5,20.98,26.44,16.46,144.1,0.83,0.86,242.7,0.82,24.64,168.0,15.24,21.09,26.49,17.04,64.68,0.81,0.83,229.5,0.77,24.64,107.0,15.29,23.23,30.84,17.86,115.94,0.59,0.59,234.5,0.75,28.44,18.7,12.06,23.77,32.82,17.22,10.32,0.54,0.41,285.5,0.83,28.26,11.2,15.92,22.65,28.8,18.78,86.1,0.63,0.65,231.7,0.84,27.17,80.9,6.9
133,58.30146166526374,4201,14.17,23.64,32.25,18.11,61.73,0.56,0.5,240.4,0.72,28.42,27.2,15.33,21.11,26.38,17.11,106.7,0.78,0.81,246.1,0.95,24.83,105.0,15.5,20.98,26.44,16.46,144.1,0.83,0.86,242.7,0.82,24.64,168.0,15.24,21.09,26.49,17.04,64.68,0.81,0.83,229.5,0.77,24.64,107.0,15.29,23.23,30.84,17.86,115.94,0.59,0.59,234.5,0.75,28.44,18.7,12.06,23.77,32.82,17.22,10.32,0.54,0.41,285.5,0.83,28.26,11.2,63.7
134,20.334794998597083,4323,15.76,21.48,26.41,17.98,233.12,0.85,0.87,237.0,0.88,25.36,58.12578300364758,14.17,23.64,32.25,18.11,61.73,0.56,0.5,240.4,0.72,28.42,27.2,15.33,21.11,26.38,17.11,106.7,0.78,0.81,246.1,0.95,24.83,105.0,15.5,20.98,26.44,16.46,144.1,0.83,0.86,242.7,0.82,24.64,168.0,15.24,21.09,26.49,17.04,64.68,0.81,0.83,229.5,0.77,24.64,107.0,15.29,23.23,30.84,17.86,115.94,0.59,0.59,234.5,0.75,28.44,18.7,58.0
